team_id,team_name,season,mp,wins,draws,losses,points,goals_for,goals_against,goal_difference,clean_sheets,failed_to_score,home_mp,home_wins,home_draws,home_losses,home_goals_for,home_goals_against,away_mp,away_wins,away_draws,away_losses,away_goals_for,away_goals_against,shots_for,shots_against,sot_for,sot_against,fouls_for,fouls_against,corners_for,corners_against,yellows_for,yellows_against,reds_for,reds_against,ppg,win_rate,draw_rate,loss_rate,avg_goals_for,avg_goals_against,avg_goal_difference
20,Man City,2018/19,38,32,2,4,98,95,23,72,20,2,19,18,0,1,57,12,19,14,2,3,38,11,683,236,260,83,328,320,287,82,44,54,1,2,2.5789473684210527,0.8421052631578947,0.05263157894736842,0.10526315789473684,2.5,0.6052631578947368,1.894736842105263
18,Liverpool,2018/19,38,30,7,1,97,89,22,67,21,3,19,17,2,0,55,10,19,13,5,1,34,12,574,307,226,97,315,366,249,126,37,48,2,1,2.5526315789473686,0.7894736842105263,0.18421052631578946,0.02631578947368421,2.3421052631578947,0.5789473684210527,1.763157894736842
8,Chelsea,2018/19,38,21,9,8,72,63,39,24,16,10,19,12,6,1,39,12,19,9,3,7,24,27,606,347,198,127,339,431,215,141,49,63,0,0,1.894736842105263,0.5526315789473685,0.23684210526315788,0.21052631578947367,1.6578947368421053,1.0263157894736843,0.631578947368421
28,Tottenham,2018/19,38,23,2,13,71,67,39,28,13,6,19,12,2,5,34,16,19,11,0,8,33,23,536,463,189,159,375,386,194,187,56,61,3,2,1.868421052631579,0.6052631578947368,0.05263157894736842,0.34210526315789475,1.763157894736842,1.0263157894736843,0.7368421052631579
1,Arsenal,2018/19,38,21,7,10,70,73,51,22,8,4,19,14,3,2,42,16,19,7,4,8,31,35,466,494,170,183,412,469,212,184,72,75,2,2,1.8421052631578947,0.5526315789473685,0.18421052631578946,0.2631578947368421,1.9210526315789473,1.3421052631578947,0.5789473684210527
21,Man United,2018/19,38,19,9,10,66,65,54,11,7,7,19,10,6,3,33,25,19,9,3,7,32,29,526,493,225,173,433,409,200,186,73,67,4,1,1.736842105263158,0.5,0.23684210526315788,0.2631578947368421,1.7105263157894737,1.4210526315789473,0.2894736842105263
32,Wolves,2018/19,38,16,9,13,57,47,46,1,9,11,19,10,4,5,28,21,19,6,5,8,19,25,474,456,151,148,409,334,195,190,72,75,1,4,1.5,0.42105263157894735,0.23684210526315788,0.34210526315789475,1.236842105263158,1.2105263157894737,0.02631578947368421
11,Everton,2018/19,38,15,9,14,54,54,46,8,14,10,19,10,4,5,30,21,19,5,5,9,24,25,495,402,169,137,432,440,215,179,55,75,4,2,1.4210526315789473,0.39473684210526316,0.23684210526315788,0.3684210526315789,1.4210526315789473,1.2105263157894737,0.21052631578947367
17,Leicester,2018/19,38,15,7,16,52,51,48,3,10,8,19,8,3,8,24,20,19,7,4,8,27,28,515,426,184,139,351,401,210,202,57,67,5,6,1.368421052631579,0.39473684210526316,0.18421052631578946,0.42105263157894735,1.3421052631578947,1.263157894736842,0.07894736842105263
31,West Ham,2018/19,38,15,7,16,52,52,55,-3,7,14,19,9,4,6,32,27,19,6,3,10,20,28,441,528,157,200,331,401,187,209,59,58,1,1,1.368421052631579,0.39473684210526316,0.18421052631578946,0.42105263157894735,1.368421052631579,1.4473684210526316,-0.07894736842105263
29,Watford,2018/19,38,14,8,16,50,52,59,-7,7,10,19,8,3,8,26,28,19,6,5,8,26,31,434,490,151,184,433,403,177,210,77,47,4,3,1.3157894736842106,0.3684210526315789,0.21052631578947367,0.42105263157894735,1.368421052631579,1.5526315789473684,-0.18421052631578946
10,Crystal Palace,2018/19,38,14,7,17,49,51,53,-2,12,11,19,5,5,9,19,23,19,9,2,8,32,30,491,525,146,164,386,408,205,216,58,61,2,2,1.2894736842105263,0.3684210526315789,0.18421052631578946,0.4473684210526316,1.3421052631578947,1.394736842105263,-0.05263157894736842
3,Bournemouth,2018/19,38,13,6,19,45,56,70,-14,10,12,19,8,5,6,30,25,19,5,1,13,26,45,447,521,163,175,339,455,191,225,60,86,1,9,1.1842105263157894,0.34210526315789475,0.15789473684210525,0.5,1.4736842105263157,1.8421052631578947,-0.3684210526315789
22,Newcastle,2018/19,38,12,9,17,45,42,48,-6,11,13,19,8,1,10,24,25,19,4,8,7,18,23,444,489,142,148,422,349,181,231,57,58,2,1,1.1842105263157894,0.3157894736842105,0.23684210526315788,0.4473684210526316,1.105263157894737,1.263157894736842,-0.15789473684210525
6,Burnley,2018/19,38,11,7,20,40,45,68,-23,8,12,19,7,2,10,24,32,19,4,5,10,21,36,359,650,115,210,359,376,140,245,75,56,1,3,1.0526315789473684,0.2894736842105263,0.18421052631578946,0.5263157894736842,1.1842105263157894,1.7894736842105263,-0.6052631578947368
26,Southampton,2018/19,38,9,12,17,39,45,65,-20,7,10,19,5,8,6,27,30,19,4,4,11,18,35,480,523,162,179,420,351,193,213,71,61,3,1,1.0263157894736843,0.23684210526315788,0.3157894736842105,0.4473684210526316,1.1842105263157894,1.7105263157894737,-0.5263157894736842
5,Brighton,2018/19,38,9,9,20,36,35,60,-25,7,13,19,6,5,8,19,28,19,3,4,12,16,32,365,582,108,175,463,322,156,216,60,51,4,2,0.9473684210526315,0.23684210526315788,0.23684210526315788,0.5263157894736842,0.9210526315789473,1.5789473684210527,-0.6578947368421053
7,Cardiff,2018/19,38,10,4,24,34,34,69,-35,10,17,19,6,2,11,21,38,19,4,2,13,13,31,417,571,126,212,384,415,168,260,65,48,1,3,0.8947368421052632,0.2631578947368421,0.10526315789473684,0.631578947368421,0.8947368421052632,1.8157894736842106,-0.9210526315789473
12,Fulham,2018/19,38,7,5,26,26,34,81,-47,5,15,19,6,3,10,22,36,19,1,2,16,12,45,453,583,149,225,423,354,161,226,68,43,2,0,0.6842105263157895,0.18421052631578946,0.13157894736842105,0.6842105263157895,0.8947368421052632,2.1315789473684212,-1.236842105263158
13,Huddersfield,2018/19,38,3,7,28,16,22,76,-54,5,19,19,2,3,14,10,31,19,1,4,14,12,45,400,520,118,191,420,384,162,170,55,66,4,2,0.42105263157894735,0.07894736842105263,0.18421052631578946,0.7368421052631579,0.5789473684210527,2.0,-1.4210526315789473
18,Liverpool,2019/20,38,32,3,3,99,85,33,52,15,3,19,18,1,0,52,16,19,14,2,3,33,17,590,343,231,109,331,322,258,160,38,47,1,0,2.6052631578947367,0.8421052631578947,0.07894736842105263,0.07894736842105263,2.236842105263158,0.868421052631579,1.368421052631579
20,Man City,2019/20,38,26,3,9,81,102,35,67,17,4,19,15,2,2,57,13,19,11,1,7,45,22,745,279,263,115,361,312,298,98,60,53,4,1,2.1315789473684212,0.6842105263157895,0.07894736842105263,0.23684210526315788,2.6842105263157894,0.9210526315789473,1.763157894736842
8,Chelsea,2019/20,38,20,6,12,66,69,54,15,9,7,19,11,3,5,30,16,19,9,3,7,39,38,625,322,223,117,386,397,247,133,60,76,0,3,1.736842105263158,0.5263157894736842,0.15789473684210525,0.3157894736842105,1.8157894736842106,1.4210526315789473,0.39473684210526316
21,Man United,2019/20,38,18,12,8,66,66,36,30,13,8,19,10,7,2,40,17,19,8,5,6,26,19,543,387,216,128,433,450,204,186,72,77,0,2,1.736842105263158,0.47368421052631576,0.3157894736842105,0.21052631578947367,1.736842105263158,0.9473684210526315,0.7894736842105263
17,Leicester,2019/20,38,18,8,12,62,67,41,26,13,9,19,11,4,4,35,17,19,7,4,8,32,24,537,380,190,137,418,460,222,175,41,67,3,3,1.631578947368421,0.47368421052631576,0.21052631578947367,0.3157894736842105,1.763157894736842,1.0789473684210527,0.6842105263157895
28,Tottenham,2019/20,38,16,11,11,59,61,47,14,8,7,19,12,3,4,36,17,19,4,8,7,25,30,445,536,160,183,423,442,200,207,82,80,3,1,1.5526315789473684,0.42105263157894735,0.2894736842105263,0.2894736842105263,1.605263157894737,1.236842105263158,0.3684210526315789
32,Wolves,2019/20,38,15,14,9,59,51,40,11,13,8,19,8,7,4,27,19,19,7,7,5,24,21,459,396,145,129,406,384,193,148,57,80,2,5,1.5526315789473684,0.39473684210526316,0.3684210526315789,0.23684210526315788,1.3421052631578947,1.0526315789473684,0.2894736842105263
1,Arsenal,2019/20,38,14,14,10,56,56,48,8,10,7,19,10,6,3,36,24,19,4,8,7,20,24,410,554,151,194,421,459,231,229,86,79,5,1,1.4736842105263157,0.3684210526315789,0.3684210526315789,0.2631578947368421,1.4736842105263157,1.263157894736842,0.21052631578947367
6,Burnley,2019/20,38,15,9,14,54,43,50,-7,15,10,19,8,4,7,24,23,19,7,5,7,19,27,388,539,134,170,412,394,171,239,67,39,0,3,1.4210526315789473,0.39473684210526316,0.23684210526315788,0.3684210526315789,1.131578947368421,1.3157894736842106,-0.18421052631578946
25,Sheffield United,2019/20,38,14,12,12,54,39,39,0,13,12,19,10,3,6,24,15,19,4,9,6,15,24,354,430,115,140,410,326,212,218,61,45,2,0,1.4210526315789473,0.3684210526315789,0.3157894736842105,0.3157894736842105,1.0263157894736843,1.0263157894736843,0.0
26,Southampton,2019/20,38,15,7,16,52,51,60,-9,9,6,19,6,3,10,21,35,19,9,4,6,30,25,500,452,181,168,450,414,210,223,53,65,4,3,1.368421052631579,0.39473684210526316,0.18421052631578946,0.42105263157894735,1.3421052631578947,1.5789473684210527,-0.23684210526315788
11,Everton,2019/20,38,13,10,15,49,44,56,-12,9,10,19,8,7,4,24,21,19,5,3,11,20,35,470,427,162,148,472,410,203,182,70,59,3,2,1.2894736842105263,0.34210526315789475,0.2631578947368421,0.39473684210526316,1.1578947368421053,1.4736842105263157,-0.3157894736842105
22,Newcastle,2019/20,38,11,11,16,44,38,58,-20,11,13,19,6,8,5,20,21,19,5,3,11,18,37,395,567,131,200,370,434,151,252,65,55,3,2,1.1578947368421053,0.2894736842105263,0.2894736842105263,0.42105263157894735,1.0,1.5263157894736843,-0.5263157894736842
10,Crystal Palace,2019/20,38,11,10,17,43,31,50,-19,10,16,19,6,5,8,15,20,19,5,5,9,16,30,376,514,120,175,425,495,177,235,61,81,2,5,1.131578947368421,0.2894736842105263,0.2631578947368421,0.4473684210526316,0.8157894736842105,1.3157894736842106,-0.5
5,Brighton,2019/20,38,9,14,15,41,39,54,-15,9,13,19,5,7,7,20,27,19,4,7,8,19,27,461,498,142,170,385,340,178,204,56,61,2,1,1.0789473684210527,0.23684210526315788,0.3684210526315789,0.39473684210526316,1.0263157894736843,1.4210526315789473,-0.39473684210526316
31,West Ham,2019/20,38,10,9,19,39,49,62,-13,7,12,19,6,4,9,30,33,19,4,5,10,19,29,417,501,163,189,387,356,190,219,62,44,1,0,1.0263157894736843,0.2631578947368421,0.23684210526315788,0.5,1.2894736842105263,1.631578947368421,-0.34210526315789475
2,Aston Villa,2019/20,38,9,8,21,35,41,67,-26,7,11,19,7,3,9,22,30,19,2,5,12,19,37,459,607,150,185,451,543,200,242,68,78,1,7,0.9210526315789473,0.23684210526315788,0.21052631578947367,0.5526315789473685,1.0789473684210527,1.763157894736842,-0.6842105263157895
3,Bournemouth,2019/20,38,9,7,22,34,40,65,-25,5,15,19,5,6,8,22,30,19,4,1,14,18,35,389,558,121,195,369,419,194,251,73,67,3,3,0.8947368421052632,0.23684210526315788,0.18421052631578946,0.5789473684210527,1.0526315789473684,1.7105263157894737,-0.6578947368421053
29,Watford,2019/20,38,8,10,20,34,36,64,-28,9,16,19,6,6,7,22,27,19,2,4,13,14,37,424,500,120,183,484,356,167,201,75,65,3,1,0.8947368421052632,0.21052631578947367,0.2631578947368421,0.5263157894736842,0.9473684210526315,1.6842105263157894,-0.7368421052631579
23,Norwich,2019/20,38,5,6,27,21,26,75,-49,5,20,19,4,3,12,19,37,19,1,3,15,7,38,408,605,131,214,363,444,162,266,67,56,3,2,0.5526315789473685,0.13157894736842105,0.15789473684210525,0.7105263157894737,0.6842105263157895,1.9736842105263157,-1.2894736842105263
20,Man City,2020/21,38,27,5,6,86,83,32,51,19,3,19,13,2,4,43,17,19,14,3,2,40,15,604,285,219,100,361,389,247,112,46,59,2,2,2.263157894736842,0.7105263157894737,0.13157894736842105,0.15789473684210525,2.1842105263157894,0.8421052631578947,1.3421052631578947
21,Man United,2020/21,38,21,11,6,74,73,44,29,13,8,19,9,4,6,38,28,19,12,7,0,35,16,521,418,212,140,452,411,197,163,64,62,1,3,1.9473684210526316,0.5526315789473685,0.2894736842105263,0.15789473684210525,1.9210526315789473,1.1578947368421053,0.7631578947368421
18,Liverpool,2020/21,38,20,9,9,69,68,42,26,12,8,19,10,3,6,29,20,19,10,6,3,39,22,608,333,214,144,396,355,260,122,40,56,0,2,1.8157894736842106,0.5263157894736842,0.23684210526315788,0.23684210526315788,1.7894736842105263,1.105263157894737,0.6842105263157895
8,Chelsea,2020/21,38,19,10,9,67,58,36,22,18,10,19,9,6,4,31,18,19,10,4,5,27,18,558,336,209,109,433,377,227,160,48,53,3,3,1.763157894736842,0.5,0.2631578947368421,0.23684210526315788,1.5263157894736843,0.9473684210526315,0.5789473684210527
17,Leicester,2020/21,38,20,6,12,66,68,50,18,11,6,19,9,1,9,34,30,19,11,5,3,34,20,484,369,185,139,416,440,214,181,60,61,0,1,1.736842105263158,0.5263157894736842,0.15789473684210525,0.3157894736842105,1.7894736842105263,1.3157894736842106,0.47368421052631576
31,West Ham,2020/21,38,19,8,11,65,62,47,15,11,7,19,10,4,5,32,22,19,9,4,6,30,25,468,464,165,152,374,367,168,184,48,50,3,1,1.7105263157894737,0.5,0.21052631578947367,0.2894736842105263,1.631578947368421,1.236842105263158,0.39473684210526316
28,Tottenham,2020/21,38,18,8,12,62,68,45,23,12,6,19,10,3,6,35,20,19,8,5,6,33,25,444,488,176,158,439,494,168,201,53,77,2,1,1.631578947368421,0.47368421052631576,0.21052631578947367,0.3157894736842105,1.7894736842105263,1.1842105263157894,0.6052631578947368
1,Arsenal,2020/21,38,18,7,13,61,55,39,16,12,12,19,8,4,7,24,21,19,10,3,6,31,18,459,416,152,132,345,421,208,166,47,72,5,2,1.605263157894737,0.47368421052631576,0.18421052631578946,0.34210526315789475,1.4473684210526316,1.0263157894736843,0.42105263157894735
11,Everton,2020/21,38,17,8,13,59,47,48,-1,12,10,19,6,4,9,24,28,19,11,4,4,23,20,400,504,148,163,386,409,167,227,58,66,2,1,1.5526315789473684,0.4473684210526316,0.21052631578947367,0.34210526315789475,1.236842105263158,1.263157894736842,-0.02631578947368421
16,Leeds,2020/21,38,18,5,15,59,62,54,8,12,10,19,8,5,6,28,21,19,10,0,9,34,33,522,558,199,201,427,432,231,212,61,47,1,2,1.5526315789473684,0.47368421052631576,0.13157894736842105,0.39473684210526316,1.631578947368421,1.4210526315789473,0.21052631578947367
2,Aston Villa,2020/21,38,16,7,15,55,55,46,9,15,8,19,7,4,8,29,27,19,9,3,7,26,19,511,538,187,189,439,567,215,194,63,67,3,6,1.4473684210526316,0.42105263157894735,0.18421052631578946,0.39473684210526316,1.4473684210526316,1.2105263157894737,0.23684210526315788
22,Newcastle,2020/21,38,12,9,17,45,46,62,-16,7,12,19,6,5,8,26,33,19,6,4,9,20,29,397,572,142,193,388,432,161,229,61,57,3,3,1.1842105263157894,0.3157894736842105,0.23684210526315788,0.4473684210526316,1.2105263157894737,1.631578947368421,-0.42105263157894735
32,Wolves,2020/21,38,12,9,17,45,36,52,-16,10,13,19,7,4,8,21,25,19,5,5,9,15,27,462,442,154,157,425,404,209,186,53,60,0,5,1.1842105263157894,0.3157894736842105,0.23684210526315788,0.4473684210526316,0.9473684210526315,1.368421052631579,-0.42105263157894735
10,Crystal Palace,2020/21,38,12,8,18,44,41,66,-25,8,14,19,6,5,8,20,32,19,6,3,10,21,34,349,536,131,177,409,438,151,230,54,42,2,4,1.1578947368421053,0.3157894736842105,0.21052631578947367,0.47368421052631576,1.0789473684210527,1.736842105263158,-0.6578947368421053
26,Southampton,2020/21,38,12,7,19,43,47,68,-21,9,13,19,8,3,8,28,25,19,4,4,11,19,43,423,428,166,180,426,438,178,197,52,54,3,3,1.131578947368421,0.3157894736842105,0.18421052631578946,0.5,1.236842105263158,1.7894736842105263,-0.5526315789473685
5,Brighton,2020/21,38,9,14,15,41,40,46,-6,12,12,19,4,9,6,22,22,19,5,5,9,18,24,487,358,143,127,427,376,219,167,45,52,6,2,1.0789473684210527,0.23684210526315788,0.3684210526315789,0.39473684210526316,1.0526315789473684,1.2105263157894737,-0.15789473684210525
6,Burnley,2020/21,38,10,9,19,39,33,55,-22,11,17,19,4,6,9,14,27,19,6,3,10,19,28,384,573,130,187,384,403,172,239,48,32,0,2,1.0263157894736843,0.2631578947368421,0.23684210526315788,0.5,0.868421052631579,1.4473684210526316,-0.5789473684210527
12,Fulham,2020/21,38,5,13,20,28,27,53,-26,9,18,19,2,4,13,9,28,19,3,9,7,18,25,442,429,136,173,484,387,164,192,66,39,3,1,0.7368421052631579,0.13157894736842105,0.34210526315789475,0.5263157894736842,0.7105263157894737,1.394736842105263,-0.6842105263157895
30,West Brom,2020/21,38,5,11,22,26,35,76,-41,6,16,19,3,6,10,15,39,19,2,5,12,20,37,340,599,112,246,404,430,145,267,51,48,4,1,0.6842105263157895,0.13157894736842105,0.2894736842105263,0.5789473684210527,0.9210526315789473,2.0,-1.0789473684210527
25,Sheffield United,2020/21,38,7,2,29,23,20,63,-43,5,21,19,5,1,13,12,27,19,2,1,16,8,36,325,542,99,212,459,304,171,243,73,37,3,1,0.6052631578947368,0.18421052631578946,0.05263157894736842,0.7631578947368421,0.5263157894736842,1.6578947368421053,-1.131578947368421
20,Man City,2021/22,38,29,6,3,93,99,26,73,21,4,19,15,2,2,58,15,19,14,4,1,41,11,715,237,254,88,320,341,317,108,42,63,1,3,2.4473684210526314,0.7631578947368421,0.15789473684210525,0.07894736842105263,2.6052631578947367,0.6842105263157895,1.9210526315789473
18,Liverpool,2021/22,38,28,8,2,92,94,26,68,21,1,19,15,4,0,49,9,19,13,4,2,45,17,730,296,256,110,363,311,285,117,50,63,1,3,2.4210526315789473,0.7368421052631579,0.21052631578947367,0.05263157894736842,2.473684210526316,0.6842105263157895,1.7894736842105263
8,Chelsea,2021/22,38,21,11,6,74,76,33,43,16,4,19,9,7,3,37,22,19,12,4,3,39,11,592,341,211,119,409,405,242,152,63,67,1,4,1.9473684210526316,0.5526315789473685,0.2894736842105263,0.15789473684210525,2.0,0.868421052631579,1.131578947368421
28,Tottenham,2021/22,38,22,5,11,71,69,40,29,16,10,19,13,1,5,38,19,19,9,4,6,31,21,491,481,198,141,386,412,195,193,67,75,1,6,1.868421052631579,0.5789473684210527,0.13157894736842105,0.2894736842105263,1.8157894736842106,1.0526315789473684,0.7631578947368421
1,Arsenal,2021/22,38,22,3,13,69,61,48,13,13,11,19,13,2,4,35,17,19,9,1,9,26,31,588,425,197,147,363,376,209,176,60,65,4,3,1.8157894736842106,0.5789473684210527,0.07894736842105263,0.34210526315789475,1.605263157894737,1.263157894736842,0.34210526315789475
21,Man United,2021/22,38,16,10,12,58,57,57,0,8,9,19,10,5,4,32,22,19,6,5,8,25,35,508,511,187,183,395,333,199,209,75,48,2,1,1.5263157894736843,0.42105263157894735,0.2631578947368421,0.3157894736842105,1.5,1.5,0.0
31,West Ham,2021/22,38,16,8,14,56,60,51,9,8,8,19,9,5,5,33,26,19,7,3,9,27,25,433,548,158,167,324,292,191,200,47,46,3,3,1.4736842105263157,0.42105263157894735,0.21052631578947367,0.3684210526315789,1.5789473684210527,1.3421052631578947,0.23684210526315788
17,Leicester,2021/22,38,14,10,14,52,62,59,3,7,6,19,10,4,5,34,23,19,4,6,9,28,36,435,558,169,197,356,405,185,220,54,59,1,0,1.368421052631579,0.3684210526315789,0.2631578947368421,0.3684210526315789,1.631578947368421,1.5526315789473684,0.07894736842105263
5,Brighton,2021/22,38,12,15,11,51,42,44,-2,11,13,19,5,7,7,19,23,19,7,8,4,23,21,490,476,152,152,393,372,202,212,71,80,2,0,1.3421052631578947,0.3157894736842105,0.39473684210526316,0.2894736842105263,1.105263157894737,1.1578947368421053,-0.05263157894736842
32,Wolves,2021/22,38,15,6,17,51,38,43,-5,11,16,19,7,3,9,20,25,19,8,3,8,18,18,402,511,136,171,365,354,168,204,59,83,2,3,1.3421052631578947,0.39473684210526316,0.15789473684210525,0.4473684210526316,1.0,1.131578947368421,-0.13157894736842105
22,Newcastle,2021/22,38,13,10,15,49,44,62,-18,8,9,19,8,6,5,26,27,19,5,4,10,18,35,448,520,148,171,391,382,160,191,79,75,1,4,1.2894736842105263,0.34210526315789475,0.2631578947368421,0.39473684210526316,1.1578947368421053,1.631578947368421,-0.47368421052631576
10,Crystal Palace,2021/22,38,11,15,12,48,50,46,4,12,11,19,7,8,4,27,17,19,4,7,8,23,29,412,443,147,146,415,500,176,184,67,69,1,3,1.263157894736842,0.2894736842105263,0.39473684210526316,0.3157894736842105,1.3157894736842106,1.2105263157894737,0.10526315789473684
4,Brentford,2021/22,38,13,7,18,46,48,56,-8,9,12,19,7,3,9,22,21,19,6,4,9,26,35,442,502,154,183,371,377,159,232,61,50,3,3,1.2105263157894737,0.34210526315789475,0.18421052631578946,0.47368421052631576,1.263157894736842,1.4736842105263157,-0.21052631578947367
2,Aston Villa,2021/22,38,13,6,19,45,52,54,-2,11,8,19,6,5,8,29,29,19,7,1,11,23,25,454,477,162,157,401,512,196,222,77,84,2,1,1.1842105263157894,0.34210526315789475,0.15789473684210525,0.5,1.368421052631579,1.4210526315789473,-0.05263157894736842
26,Southampton,2021/22,38,9,13,16,40,43,67,-24,8,9,19,6,7,6,23,24,19,3,6,10,20,43,482,497,170,189,402,377,234,197,63,61,2,1,1.0526315789473684,0.23684210526315788,0.34210526315789475,0.42105263157894735,1.131578947368421,1.763157894736842,-0.631578947368421
11,Everton,2021/22,38,11,6,21,39,43,66,-23,8,12,19,9,2,8,27,25,19,2,4,13,16,41,438,522,138,190,368,401,161,219,76,70,6,0,1.0263157894736843,0.2894736842105263,0.15789473684210525,0.5526315789473685,1.131578947368421,1.736842105263158,-0.6052631578947368
16,Leeds,2021/22,38,9,11,18,38,42,79,-37,5,13,19,4,6,9,19,38,19,5,5,9,23,41,485,582,154,231,469,386,171,182,100,68,3,3,1.0,0.23684210526315788,0.2894736842105263,0.47368421052631576,1.105263157894737,2.0789473684210527,-0.9736842105263158
6,Burnley,2021/22,38,7,14,17,35,34,53,-19,9,16,19,5,6,8,18,25,19,2,8,9,16,28,407,603,125,187,394,339,184,255,68,44,2,0,0.9210526315789473,0.18421052631578946,0.3684210526315789,0.4473684210526316,0.8947368421052632,1.394736842105263,-0.5
29,Watford,2021/22,38,6,5,27,23,34,77,-43,4,18,19,2,2,15,17,46,19,4,3,12,17,31,396,561,127,193,440,363,162,235,57,62,3,1,0.6052631578947368,0.15789473684210525,0.13157894736842105,0.7105263157894737,0.8947368421052632,2.026315789473684,-1.131578947368421
23,Norwich,2021/22,38,5,7,26,22,23,84,-61,6,22,19,3,3,13,12,43,19,2,4,13,11,41,374,631,109,230,356,443,165,253,55,59,2,1,0.5789473684210527,0.13157894736842105,0.18421052631578946,0.6842105263157895,0.6052631578947368,2.210526315789474,-1.605263157894737
20,Man City,2022/23,38,28,5,5,89,94,33,61,13,3,19,17,1,1,60,17,19,11,4,4,34,16,603,293,219,96,347,402,240,97,43,78,1,2,2.3421052631578947,0.7368421052631579,0.13157894736842105,0.13157894736842105,2.473684210526316,0.868421052631579,1.605263157894737
1,Arsenal,2022/23,38,26,6,6,84,88,43,45,14,4,19,14,3,2,53,25,19,12,3,4,35,18,593,341,204,136,373,457,223,141,51,82,0,1,2.210526315789474,0.6842105263157895,0.15789473684210525,0.15789473684210525,2.3157894736842106,1.131578947368421,1.1842105263157894
21,Man United,2022/23,38,23,6,9,75,58,43,15,17,7,19,15,3,1,36,10,19,8,3,8,22,33,592,481,214,145,423,310,195,207,78,50,1,0,1.9736842105263157,0.6052631578947368,0.15789473684210525,0.23684210526315788,1.5263157894736843,1.131578947368421,0.39473684210526316
22,Newcastle,2022/23,38,19,14,5,71,68,33,35,14,11,19,11,6,2,36,14,19,8,8,3,32,19,571,387,197,132,406,419,270,163,57,79,1,2,1.868421052631579,0.5,0.3684210526315789,0.13157894736842105,1.7894736842105263,0.868421052631579,0.9210526315789473
18,Liverpool,2022/23,38,19,10,9,67,75,47,28,14,8,19,13,5,1,46,17,19,6,5,8,29,30,605,369,212,160,405,342,236,136,57,59,1,1,1.763157894736842,0.5,0.2631578947368421,0.23684210526315788,1.9736842105263157,1.236842105263158,0.7368421052631579
5,Brighton,2022/23,38,18,8,12,62,72,53,19,12,5,19,10,4,5,37,21,19,8,4,7,35,32,612,388,231,133,426,426,233,136,59,92,0,1,1.631578947368421,0.47368421052631576,0.21052631578947367,0.3157894736842105,1.894736842105263,1.394736842105263,0.5
2,Aston Villa,2022/23,38,18,7,13,61,51,46,5,12,8,19,12,2,5,33,21,19,6,5,8,18,25,431,423,151,159,417,497,165,212,80,78,1,3,1.605263157894737,0.47368421052631576,0.18421052631578946,0.34210526315789475,1.3421052631578947,1.2105263157894737,0.13157894736842105
28,Tottenham,2022/23,38,18,6,14,60,70,63,7,10,4,19,12,1,6,37,25,19,6,5,8,33,38,520,517,200,175,423,380,203,197,75,77,3,2,1.5789473684210527,0.47368421052631576,0.15789473684210525,0.3684210526315789,1.8421052631578947,1.6578947368421053,0.18421052631578946
4,Brentford,2022/23,38,15,14,9,59,58,46,12,12,9,19,10,7,2,35,18,19,5,7,7,23,28,397,561,162,205,354,414,163,214,55,60,1,1,1.5526315789473684,0.39473684210526316,0.3684210526315789,0.23684210526315788,1.5263157894736843,1.2105263157894737,0.3157894736842105
12,Fulham,2022/23,38,15,7,16,52,55,53,2,9,9,19,8,5,6,31,29,19,7,2,10,24,24,429,505,149,200,411,419,185,204,80,55,1,5,1.368421052631579,0.39473684210526316,0.18421052631578946,0.42105263157894735,1.4473684210526316,1.394736842105263,0.05263157894736842
10,Crystal Palace,2022/23,38,11,12,15,45,40,49,-9,9,16,19,7,7,5,21,23,19,4,5,10,19,26,425,456,136,162,446,487,186,178,78,81,3,3,1.1842105263157894,0.2894736842105263,0.3157894736842105,0.39473684210526316,1.0526315789473684,1.2894736842105263,-0.23684210526315788
8,Chelsea,2022/23,38,11,11,16,44,38,47,-9,10,14,19,6,7,6,20,19,19,5,4,10,18,28,484,438,158,168,397,467,209,182,77,66,3,1,1.1578947368421053,0.2894736842105263,0.2894736842105263,0.42105263157894735,1.0,1.236842105263158,-0.23684210526315788
32,Wolves,2022/23,38,11,8,19,41,31,58,-27,11,15,19,9,3,7,19,20,19,2,5,12,12,38,413,555,125,182,463,414,186,204,83,75,5,0,1.0789473684210527,0.2894736842105263,0.21052631578947367,0.5,0.8157894736842105,1.5263157894736843,-0.7105263157894737
31,West Ham,2022/23,38,11,7,20,40,42,55,-13,9,13,19,8,4,7,26,24,19,3,3,13,16,31,474,500,145,174,361,327,207,194,44,54,0,0,1.0526315789473684,0.2894736842105263,0.18421052631578946,0.5263157894736842,1.105263157894737,1.4473684210526316,-0.34210526315789475
3,Bournemouth,2022/23,38,11,6,21,39,37,71,-34,8,18,19,6,4,9,20,28,19,5,2,12,17,43,355,626,133,206,391,375,144,272,68,51,0,0,1.0263157894736843,0.2894736842105263,0.15789473684210525,0.5526315789473685,0.9736842105263158,1.868421052631579,-0.8947368421052632
24,Nott'm Forest,2022/23,38,9,11,18,38,38,68,-30,8,12,19,8,6,5,27,24,19,1,5,13,11,44,368,561,118,190,445,414,128,239,84,65,0,0,1.0,0.23684210526315788,0.2894736842105263,0.47368421052631576,1.0,1.7894736842105263,-0.7894736842105263
11,Everton,2022/23,38,8,12,18,36,34,57,-23,9,14,19,6,3,10,16,27,19,2,9,8,18,30,429,575,152,193,396,401,175,239,79,76,2,1,0.9473684210526315,0.21052631578947367,0.3157894736842105,0.47368421052631576,0.8947368421052632,1.5,-0.6052631578947368
17,Leicester,2022/23,38,9,7,22,34,51,68,-17,7,12,19,5,4,10,23,27,19,4,3,12,28,41,417,572,152,178,411,410,135,236,58,60,2,2,0.8947368421052632,0.23684210526315788,0.18421052631578946,0.5789473684210527,1.3421052631578947,1.7894736842105263,-0.4473684210526316
16,Leeds,2022/23,38,7,10,21,31,48,78,-30,5,10,19,5,7,7,26,37,19,2,3,14,22,41,465,527,145,193,456,421,201,182,84,64,3,2,0.8157894736842105,0.18421052631578946,0.2631578947368421,0.5526315789473685,1.263157894736842,2.0526315789473686,-0.7894736842105263
26,Southampton,2022/23,38,6,7,25,25,36,73,-37,4,15,19,2,5,12,19,37,19,4,2,13,17,36,417,525,142,158,430,399,157,208,73,61,0,1,0.6578947368421053,0.15789473684210525,0.18421052631578946,0.6578947368421053,0.9473684210526315,1.9210526315789473,-0.9736842105263158
20,Man City,2023/24,38,28,7,3,91,96,34,62,13,3,19,14,5,0,51,16,19,14,2,3,45,18,690,294,278,111,287,421,282,133,51,90,2,2,2.3947368421052633,0.7368421052631579,0.18421052631578946,0.07894736842105263,2.526315789473684,0.8947368421052632,1.631578947368421
1,Arsenal,2023/24,38,28,5,5,89,91,29,62,18,5,19,15,2,2,48,16,19,13,3,3,43,13,657,322,227,87,391,407,256,113,62,77,2,2,2.3421052631578947,0.7368421052631579,0.13157894736842105,0.13157894736842105,2.3947368421052633,0.7631578947368421,1.631578947368421
18,Liverpool,2023/24,38,24,10,4,82,86,41,45,10,3,19,15,3,1,49,17,19,9,7,3,37,24,790,417,277,149,462,392,287,152,65,91,5,4,2.1578947368421053,0.631578947368421,0.2631578947368421,0.10526315789473684,2.263157894736842,1.0789473684210527,1.1842105263157894
2,Aston Villa,2023/24,38,20,8,10,68,76,61,15,8,6,19,12,4,3,48,28,19,8,4,7,28,33,514,454,190,181,413,483,233,161,94,90,2,3,1.7894736842105263,0.5263157894736842,0.21052631578947367,0.2631578947368421,2.0,1.605263157894737,0.39473684210526316
28,Tottenham,2023/24,38,20,6,12,66,74,61,13,7,4,19,13,0,6,38,27,19,7,6,6,36,34,582,486,214,172,425,530,235,236,88,96,4,4,1.736842105263158,0.5263157894736842,0.15789473684210525,0.3157894736842105,1.9473684210526316,1.605263157894737,0.34210526315789475
8,Chelsea,2023/24,38,18,9,11,63,77,63,14,8,6,19,11,4,4,44,26,19,7,5,7,33,37,548,556,215,188,445,464,203,191,104,93,3,4,1.6578947368421053,0.47368421052631576,0.23684210526315788,0.2894736842105263,2.026315789473684,1.6578947368421053,0.3684210526315789
21,Man United,2023/24,38,18,6,14,60,57,58,-1,9,9,19,10,3,6,31,28,19,8,3,8,26,30,550,667,193,210,398,352,226,279,80,84,1,1,1.5789473684210527,0.47368421052631576,0.15789473684210525,0.3684210526315789,1.5,1.5263157894736843,-0.02631578947368421
22,Newcastle,2023/24,38,18,6,14,60,85,62,23,10,5,19,12,4,3,49,22,19,6,2,11,36,40,551,534,213,202,385,482,193,195,76,94,1,3,1.5789473684210527,0.47368421052631576,0.15789473684210525,0.3684210526315789,2.236842105263158,1.631578947368421,0.6052631578947368
31,West Ham,2023/24,38,14,10,14,52,60,74,-14,5,8,19,7,8,4,31,28,19,7,2,10,29,46,450,652,150,246,390,407,168,229,76,69,3,2,1.368421052631579,0.3684210526315789,0.2631578947368421,0.3684210526315789,1.5789473684210527,1.9473684210526316,-0.3684210526315789
10,Crystal Palace,2023/24,38,13,10,15,49,57,58,-1,10,7,19,8,4,7,37,26,19,5,6,8,20,32,456,459,169,155,456,440,178,198,69,76,2,2,1.2894736842105263,0.34210526315789475,0.2631578947368421,0.39473684210526316,1.5,1.5263157894736843,-0.02631578947368421
3,Bournemouth,2023/24,38,13,9,16,48,54,67,-13,9,7,19,7,6,6,27,28,19,6,3,10,27,39,542,532,185,197,506,396,236,214,80,80,3,2,1.263157894736842,0.34210526315789475,0.23684210526315788,0.42105263157894735,1.4210526315789473,1.763157894736842,-0.34210526315789475
5,Brighton,2023/24,38,12,12,14,48,55,62,-7,6,10,19,8,6,5,30,27,19,4,6,9,25,35,562,467,208,167,414,461,206,167,89,93,3,5,1.263157894736842,0.3157894736842105,0.3157894736842105,0.3684210526315789,1.4473684210526316,1.631578947368421,-0.18421052631578946
11,Everton,2023/24,38,13,9,16,48,40,51,-11,13,12,19,8,4,7,22,18,19,5,5,9,18,33,507,538,162,171,457,373,185,238,79,61,1,2,1.263157894736842,0.34210526315789475,0.23684210526315788,0.42105263157894735,1.0526315789473684,1.3421052631578947,-0.2894736842105263
12,Fulham,2023/24,38,13,8,17,47,55,61,-6,10,13,19,9,2,8,31,24,19,4,6,9,24,37,500,523,178,196,384,385,212,189,77,64,4,0,1.236842105263158,0.34210526315789475,0.21052631578947367,0.4473684210526316,1.4473684210526316,1.605263157894737,-0.15789473684210525
32,Wolves,2023/24,38,13,7,18,46,50,65,-15,5,9,19,8,3,8,26,30,19,5,4,10,24,35,427,576,159,213,477,419,158,225,98,81,4,3,1.2105263157894737,0.34210526315789475,0.18421052631578946,0.47368421052631576,1.3157894736842106,1.7105263157894737,-0.39473684210526316
4,Brentford,2023/24,38,10,9,19,39,56,65,-9,7,8,19,5,7,7,29,34,19,5,2,12,27,31,473,548,172,187,384,434,185,219,88,69,2,4,1.0263157894736843,0.2631578947368421,0.23684210526315788,0.5,1.4736842105263157,1.7105263157894737,-0.23684210526315788
24,Nott'm Forest,2023/24,38,9,9,20,36,49,67,-18,4,10,19,5,5,9,27,30,19,4,4,11,22,37,451,510,148,171,428,383,148,248,75,75,3,7,0.9473684210526315,0.23684210526315788,0.23684210526315788,0.5263157894736842,1.2894736842105263,1.763157894736842,-0.47368421052631576
19,Luton,2023/24,38,6,8,24,26,52,85,-33,2,5,19,4,4,11,28,37,19,2,4,13,24,48,431,655,141,232,443,469,204,226,71,70,0,2,0.6842105263157895,0.15789473684210525,0.21052631578947367,0.631578947368421,1.368421052631579,2.236842105263158,-0.868421052631579
6,Burnley,2023/24,38,5,9,24,24,41,78,-37,2,12,19,2,4,13,19,43,19,3,5,11,22,35,433,614,142,246,427,368,181,233,71,82,7,3,0.631578947368421,0.13157894736842105,0.23684210526315788,0.631578947368421,1.0789473684210527,2.0526315789473686,-0.9736842105263158
25,Sheffield United,2023/24,38,3,7,28,16,35,104,-69,1,15,19,2,4,13,19,57,19,1,3,15,16,47,368,678,129,269,423,329,142,272,93,51,5,2,0.42105263157894735,0.07894736842105263,0.18421052631578946,0.7368421052631579,0.9210526315789473,2.736842105263158,-1.8157894736842106
18,Liverpool,2024/25,38,25,9,4,84,86,41,45,14,1,19,14,4,1,42,16,19,11,5,3,44,25,648,387,231,141,430,371,253,141,64,80,3,2,2.210526315789474,0.6578947368421053,0.23684210526315788,0.10526315789473684,2.263157894736842,1.0789473684210527,1.1842105263157894
1,Arsenal,2024/25,38,20,14,4,74,69,34,35,13,5,19,11,6,2,35,17,19,9,8,2,34,17,547,362,188,120,400,406,251,118,64,81,6,2,1.9473684210526316,0.5263157894736842,0.3684210526315789,0.10526315789473684,1.8157894736842106,0.8947368421052632,0.9210526315789473
20,Man City,2024/25,38,21,8,9,71,72,44,28,13,6,19,13,3,3,43,23,19,8,5,6,29,21,607,355,217,132,287,387,253,124,57,86,2,2,1.868421052631579,0.5526315789473685,0.21052631578947367,0.23684210526315788,1.894736842105263,1.1578947368421053,0.7368421052631579
8,Chelsea,2024/25,38,20,9,9,69,64,43,21,11,7,19,12,5,2,35,18,19,8,4,7,29,25,595,398,218,157,436,457,236,141,98,96,2,2,1.8157894736842106,0.5263157894736842,0.23684210526315788,0.23684210526315788,1.6842105263157894,1.131578947368421,0.5526315789473685
2,Aston Villa,2024/25,38,19,9,10,66,58,51,7,9,7,19,11,7,1,34,20,19,8,2,9,24,31,484,463,170,160,406,509,232,172,72,101,4,2,1.736842105263158,0.5,0.23684210526315788,0.2631578947368421,1.5263157894736843,1.3421052631578947,0.18421052631578946
22,Newcastle,2024/25,38,20,6,12,66,68,47,21,13,7,19,12,2,5,40,20,19,8,4,7,28,27,524,473,174,166,394,463,218,202,68,95,1,3,1.736842105263158,0.5263157894736842,0.15789473684210525,0.3157894736842105,1.7894736842105263,1.236842105263158,0.5526315789473685
24,Nott'm Forest,2024/25,38,19,8,11,65,58,46,12,13,8,19,9,5,5,26,16,19,10,3,6,32,30,463,531,166,176,391,433,160,241,85,100,2,2,1.7105263157894737,0.5,0.21052631578947367,0.2894736842105263,1.5263157894736843,1.2105263157894737,0.3157894736842105
5,Brighton,2024/25,38,16,13,9,61,66,59,7,8,5,19,8,8,3,30,26,19,8,5,6,36,33,533,427,191,149,438,427,189,184,72,85,3,5,1.605263157894737,0.42105263157894735,0.34210526315789475,0.23684210526315788,1.736842105263158,1.5526315789473684,0.18421052631578946
3,Bournemouth,2024/25,38,15,11,12,56,58,46,12,9,8,19,8,4,7,23,16,19,7,7,5,35,30,580,487,202,174,514,410,229,184,97,87,3,5,1.4736842105263157,0.39473684210526316,0.2894736842105263,0.3157894736842105,1.5263157894736843,1.2105263157894737,0.3157894736842105
4,Brentford,2024/25,38,16,8,14,56,66,57,9,8,8,19,9,4,6,40,35,19,7,4,8,26,22,441,647,184,209,319,365,175,245,62,78,1,3,1.4736842105263157,0.42105263157894735,0.21052631578947367,0.3684210526315789,1.736842105263158,1.5,0.23684210526315788
12,Fulham,2024/25,38,15,9,14,54,54,54,0,5,7,19,7,5,7,27,30,19,8,4,7,27,24,521,432,173,162,432,371,205,173,80,65,2,3,1.4210526315789473,0.39473684210526316,0.23684210526315788,0.3684210526315789,1.4210526315789473,1.4210526315789473,0.0
10,Crystal Palace,2024/25,38,13,14,11,53,51,51,0,11,8,19,6,7,6,24,26,19,7,7,5,27,25,516,484,186,155,417,418,172,215,75,76,4,4,1.394736842105263,0.34210526315789475,0.3684210526315789,0.2894736842105263,1.3421052631578947,1.3421052631578947,0.0
11,Everton,2024/25,38,11,15,12,48,42,44,-2,12,15,19,5,9,5,26,23,19,6,6,7,16,21,405,480,144,170,430,385,156,230,80,44,2,2,1.263157894736842,0.2894736842105263,0.39473684210526316,0.3157894736842105,1.105263157894737,1.1578947368421053,-0.05263157894736842
31,West Ham,2024/25,38,11,10,17,43,46,62,-16,7,8,19,5,5,9,23,34,19,6,5,8,23,28,476,583,146,187,443,410,154,209,78,56,3,1,1.131578947368421,0.2894736842105263,0.2631578947368421,0.4473684210526316,1.2105263157894737,1.631578947368421,-0.42105263157894735
21,Man United,2024/25,38,11,9,18,42,44,54,-10,10,15,19,7,3,9,23,28,19,4,6,9,21,26,527,415,174,152,413,385,200,181,83,71,3,3,1.105263157894737,0.2894736842105263,0.23684210526315788,0.47368421052631576,1.1578947368421053,1.4210526315789473,-0.2631578947368421
32,Wolves,2024/25,38,12,6,20,42,54,69,-15,8,7,19,6,3,10,27,32,19,6,3,10,27,37,431,473,160,174,480,442,149,218,74,82,2,3,1.105263157894737,0.3157894736842105,0.15789473684210525,0.5263157894736842,1.4210526315789473,1.8157894736842106,-0.39473684210526316
28,Tottenham,2024/25,38,11,5,22,38,64,65,-1,6,9,19,6,3,10,35,35,19,5,2,12,29,30,497,522,185,186,446,494,243,206,70,84,1,3,1.0,0.2894736842105263,0.13157894736842105,0.5789473684210527,1.6842105263157894,1.7105263157894737,-0.02631578947368421
17,Leicester,2024/25,38,6,7,25,25,33,80,-47,3,17,19,4,3,12,15,34,19,2,4,13,18,46,335,641,111,216,420,403,141,231,87,55,0,2,0.6578947368421053,0.15789473684210525,0.18421052631578946,0.6578947368421053,0.868421052631579,2.1052631578947367,-1.236842105263158
15,Ipswich,2024/25,38,4,10,24,22,36,82,-46,2,14,19,1,4,14,14,44,19,3,6,10,22,38,376,607,127,216,430,414,145,252,84,63,5,2,0.5789473684210527,0.10526315789473684,0.2631578947368421,0.631578947368421,0.9473684210526315,2.1578947368421053,-1.2105263157894737
26,Southampton,2024/25,38,2,6,30,12,26,86,-60,3,16,19,1,3,15,13,47,19,1,3,15,13,39,343,682,111,256,459,435,152,246,89,54,3,1,0.3157894736842105,0.05263157894736842,0.15789473684210525,0.7894736842105263,0.6842105263157895,2.263157894736842,-1.5789473684210527
1,Arsenal,2025/26,38,26,7,5,85,71,27,44,19,3,19,15,2,2,41,11,19,11,5,3,30,16,552,310,186,90,391,419,216,128,51,70,0,2,2.236842105263158,0.6842105263157895,0.18421052631578946,0.13157894736842105,1.868421052631579,0.7105263157894737,1.1578947368421053
20,Man City,2025/26,38,23,9,6,78,77,35,42,16,4,19,14,3,2,45,14,19,9,6,4,32,21,595,369,205,127,367,427,247,145,67,78,0,2,2.0526315789473686,0.6052631578947368,0.23684210526315788,0.15789473684210525,2.026315789473684,0.9210526315789473,1.105263157894737
21,Man United,2025/26,38,20,11,7,71,69,50,19,8,4,19,13,3,3,39,24,19,7,8,4,30,26,596,441,216,141,391,414,182,186,62,75,3,5,1.868421052631579,0.5263157894736842,0.2894736842105263,0.18421052631578946,1.8157894736842106,1.3157894736842106,0.5
2,Aston Villa,2025/26,38,19,8,11,65,56,49,7,9,10,19,12,2,5,32,22,19,7,6,6,24,27,483,490,170,168,379,495,199,187,58,90,1,1,1.7105263157894737,0.5,0.21052631578947367,0.2894736842105263,1.4736842105263157,1.2894736842105263,0.18421052631578946
18,Liverpool,2025/26,38,17,9,12,60,63,53,10,10,4,19,10,6,3,34,20,19,7,3,9,29,33,588,435,175,153,383,404,232,167,57,75,1,4,1.5789473684210527,0.4473684210526316,0.23684210526315788,0.3157894736842105,1.6578947368421053,1.394736842105263,0.2631578947368421
3,Bournemouth,2025/26,38,13,18,7,57,58,54,4,11,7,19,7,10,2,29,20,19,6,8,5,29,34,525,480,178,162,457,398,212,202,88,70,2,4,1.5,0.34210526315789475,0.47368421052631576,0.18421052631578946,1.5263157894736843,1.4210526315789473,0.10526315789473684
27,Sunderland,2025/26,38,14,12,12,54,42,48,-6,11,13,19,9,6,4,25,20,19,5,6,8,17,28,395,542,126,167,407,432,141,201,80,71,3,1,1.4210526315789473,0.3684210526315789,0.3157894736842105,0.3157894736842105,1.105263157894737,1.263157894736842,-0.15789473684210525
4,Brentford,2025/26,38,14,11,13,53,55,52,3,10,12,19,8,8,3,33,21,19,6,3,10,22,31,405,504,147,162,390,354,182,204,69,72,0,0,1.394736842105263,0.3684210526315789,0.2894736842105263,0.34210526315789475,1.4473684210526316,1.368421052631579,0.07894736842105263
5,Brighton,2025/26,38,14,11,13,53,52,46,6,10,9,19,9,6,4,30,20,19,5,5,9,22,26,495,443,176,148,453,383,185,183,86,77,0,1,1.394736842105263,0.3684210526315789,0.2894736842105263,0.34210526315789475,1.368421052631579,1.2105263157894737,0.15789473684210525
8,Chelsea,2025/26,38,14,10,14,52,58,52,6,9,7,19,7,5,7,26,25,19,7,5,7,32,27,511,415,164,156,426,464,231,164,89,79,7,3,1.368421052631579,0.3684210526315789,0.2631578947368421,0.3684210526315789,1.5263157894736843,1.368421052631579,0.15789473684210525
12,Fulham,2025/26,38,15,7,16,52,47,51,-4,9,11,19,11,2,6,30,20,19,4,5,10,17,31,481,448,138,149,414,375,188,210,75,63,1,4,1.368421052631579,0.39473684210526316,0.18421052631578946,0.42105263157894735,1.236842105263158,1.3421052631578947,-0.10526315789473684
11,Everton,2025/26,38,13,10,15,49,47,50,-3,11,10,19,6,5,8,26,27,19,7,5,7,21,23,420,533,144,162,405,421,163,194,73,63,5,0,1.2894736842105263,0.34210526315789475,0.2631578947368421,0.39473684210526316,1.236842105263158,1.3157894736842106,-0.07894736842105263
22,Newcastle,2025/26,38,14,7,17,49,53,55,-2,8,9,19,10,2,7,36,30,19,4,5,10,17,25,492,470,176,168,386,454,231,187,63,91,2,2,1.2894736842105263,0.3684210526315789,0.18421052631578946,0.4473684210526316,1.394736842105263,1.4473684210526316,-0.05263157894736842
16,Leeds,2025/26,38,11,14,13,47,49,56,-7,8,12,19,9,5,5,29,21,19,2,9,8,20,35,478,476,151,162,398,426,168,193,62,67,1,1,1.236842105263158,0.2894736842105263,0.3684210526315789,0.34210526315789475,1.2894736842105263,1.4736842105263157,-0.18421052631578946
10,Crystal Palace,2025/26,38,11,12,15,45,41,51,-10,12,12,19,4,9,6,19,23,19,7,3,9,22,28,442,445,141,162,398,371,160,199,74,64,2,2,1.1842105263157894,0.2894736842105263,0.3157894736842105,0.39473684210526316,1.0789473684210527,1.3421052631578947,-0.2631578947368421
24,Nott'm Forest,2025/26,38,11,11,16,44,48,51,-3,9,14,19,4,8,7,20,23,19,7,3,9,28,28,476,505,156,162,407,436,199,183,60,66,0,1,1.1578947368421053,0.2894736842105263,0.2894736842105263,0.42105263157894735,1.263157894736842,1.3421052631578947,-0.07894736842105263
28,Tottenham,2025/26,38,10,11,17,41,48,57,-9,9,7,19,3,6,10,22,31,19,7,5,7,26,26,436,465,150,154,463,386,208,178,101,71,3,2,1.0789473684210527,0.2631578947368421,0.2894736842105263,0.4473684210526316,1.263157894736842,1.5,-0.23684210526315788
31,West Ham,2025/26,38,10,9,19,39,46,65,-19,7,13,19,6,4,9,27,30,19,4,5,10,19,35,404,564,142,194,421,405,187,232,67,75,3,0,1.0263157894736843,0.2631578947368421,0.23684210526315788,0.5,1.2105263157894737,1.7105263157894737,-0.5
6,Burnley,2025/26,38,4,10,24,22,38,75,-37,4,14,19,2,7,10,18,29,19,2,3,14,20,46,355,636,118,216,394,348,138,228,64,45,2,1,0.5789473684210527,0.10526315789473684,0.2631578947368421,0.631578947368421,1.0,1.9736842105263157,-0.9736842105263158
32,Wolves,2025/26,38,3,11,24,20,27,68,-41,4,19,19,3,5,11,19,34,19,0,6,13,8,34,370,528,123,179,494,412,130,228,78,62,3,3,0.5263157894736842,0.07894736842105263,0.2894736842105263,0.631578947368421,0.7105263157894737,1.7894736842105263,-1.0789473684210527
