team_id,team_name,season,valid_from_season,mp,wins,draws,losses,points,goals_for,goals_against,goal_difference,clean_sheets,failed_to_score,home_mp,home_wins,home_draws,home_losses,home_goals_for,home_goals_against,away_mp,away_wins,away_draws,away_losses,away_goals_for,away_goals_against,shots_for,shots_against,sot_for,sot_against,fouls_for,fouls_against,corners_for,corners_against,yellows_for,yellows_against,reds_for,reds_against,ppg,win_rate,draw_rate,loss_rate,avg_goals_for,avg_goals_against,avg_goal_difference,sot_accuracy,sot_conceded_rate,shot_conversion,clean_sheet_rate,failed_to_score_rate,corners_pg,fouls_pg,yellows_pg,reds_pg,shots_pg,shots_conceded_pg,sot_pg,sot_conceded_pg,home_win_rate,away_win_rate,home_ppg,away_ppg,home_goal_diff_pg,away_goal_diff_pg
1,Arsenal,2018/19,2019/20,38,21,7,10,70,73,51,22,8,4,19,14,3,2,42,16,19,7,4,8,31,35,466,494,170,183,412,469,212,184,72,75,2,2,1.8421052631578947,0.5526315789473685,0.1842105263157894,0.2631578947368421,1.9210526315789476,1.3421052631578947,0.5789473684210527,0.3648068669527897,0.37044534412955465,0.15665236051502146,0.21052631578947367,0.10526315789473684,5.578947368421052,10.842105263157896,1.894736842105263,0.05263157894736842,12.263157894736842,13.0,4.473684210526316,4.815789473684211,0.7368421052631579,0.3684210526315789,2.3684210526315788,1.3157894736842106,1.368421052631579,-0.21052631578947367
3,Bournemouth,2018/19,2019/20,38,13,6,19,45,56,70,-14,10,12,19,8,5,6,30,25,19,5,1,13,26,45,447,521,163,175,339,455,191,225,60,86,1,9,1.1842105263157894,0.3421052631578947,0.1578947368421052,0.5,1.4736842105263157,1.8421052631578947,-0.3684210526315789,0.36465324384787473,0.33589251439539347,0.12527964205816555,0.2631578947368421,0.3157894736842105,5.026315789473684,8.921052631578947,1.5789473684210527,0.02631578947368421,11.763157894736842,13.710526315789474,4.2894736842105265,4.605263157894737,0.42105263157894735,0.2631578947368421,1.5263157894736843,0.8421052631578947,0.2631578947368421,-1.0
5,Brighton,2018/19,2019/20,38,9,9,20,36,35,60,-25,7,13,19,6,5,8,19,28,19,3,4,12,16,32,365,582,108,175,463,322,156,216,60,51,4,2,0.9473684210526316,0.2368421052631578,0.2368421052631578,0.5263157894736842,0.9210526315789472,1.5789473684210529,-0.6578947368421053,0.2958904109589041,0.3006872852233677,0.0958904109589041,0.18421052631578946,0.34210526315789475,4.105263157894737,12.18421052631579,1.5789473684210527,0.10526315789473684,9.605263157894736,15.31578947368421,2.8421052631578947,4.605263157894737,0.3157894736842105,0.15789473684210525,1.2105263157894737,0.6842105263157895,-0.47368421052631576,-0.8421052631578947
6,Burnley,2018/19,2019/20,38,11,7,20,40,45,68,-23,8,12,19,7,2,10,24,32,19,4,5,10,21,36,359,650,115,210,359,376,140,245,75,56,1,3,1.0526315789473684,0.2894736842105263,0.1842105263157894,0.5263157894736842,1.1842105263157894,1.7894736842105263,-0.6052631578947368,0.3203342618384401,0.3230769230769231,0.12534818941504178,0.21052631578947367,0.3157894736842105,3.6842105263157894,9.447368421052632,1.9736842105263157,0.02631578947368421,9.447368421052632,17.105263157894736,3.026315789473684,5.526315789473684,0.3684210526315789,0.21052631578947367,1.2105263157894737,0.8947368421052632,-0.42105263157894735,-0.7894736842105263
7,Cardiff,2018/19,2019/20,38,10,4,24,34,34,69,-35,10,17,19,6,2,11,21,38,19,4,2,13,13,31,417,571,126,212,384,415,168,260,65,48,1,3,0.8947368421052632,0.2631578947368421,0.1052631578947368,0.631578947368421,0.8947368421052632,1.8157894736842104,-0.9210526315789472,0.302158273381295,0.3712784588441331,0.0815347721822542,0.2631578947368421,0.4473684210526316,4.421052631578948,10.105263157894736,1.7105263157894737,0.02631578947368421,10.973684210526315,15.026315789473685,3.3157894736842106,5.578947368421052,0.3157894736842105,0.21052631578947367,1.0526315789473684,0.7368421052631579,-0.8947368421052632,-0.9473684210526315
8,Chelsea,2018/19,2019/20,38,21,9,8,72,63,39,24,16,10,19,12,6,1,39,12,19,9,3,7,24,27,606,347,198,127,339,431,215,141,49,63,0,0,1.894736842105263,0.5526315789473685,0.2368421052631578,0.2105263157894736,1.6578947368421053,1.0263157894736843,0.631578947368421,0.32673267326732675,0.3659942363112392,0.10396039603960396,0.42105263157894735,0.2631578947368421,5.657894736842105,8.921052631578947,1.2894736842105263,0.0,15.947368421052632,9.131578947368421,5.2105263157894735,3.3421052631578947,0.631578947368421,0.47368421052631576,2.210526315789474,1.5789473684210527,1.4210526315789473,-0.15789473684210525
10,Crystal Palace,2018/19,2019/20,38,14,7,17,49,51,53,-2,12,11,19,5,5,9,19,23,19,9,2,8,32,30,491,525,146,164,386,408,205,216,58,61,2,2,1.2894736842105263,0.3684210526315789,0.1842105263157894,0.4473684210526316,1.3421052631578947,1.394736842105263,-0.0526315789473684,0.2973523421588595,0.31238095238095237,0.10386965376782077,0.3157894736842105,0.2894736842105263,5.394736842105263,10.157894736842104,1.5263157894736843,0.05263157894736842,12.921052631578947,13.81578947368421,3.8421052631578947,4.315789473684211,0.2631578947368421,0.47368421052631576,1.0526315789473684,1.5263157894736843,-0.21052631578947367,0.10526315789473684
11,Everton,2018/19,2019/20,38,15,9,14,54,54,46,8,14,10,19,10,4,5,30,21,19,5,5,9,24,25,495,402,169,137,432,440,215,179,55,75,4,2,1.4210526315789471,0.3947368421052631,0.2368421052631578,0.3684210526315789,1.4210526315789471,1.2105263157894737,0.2105263157894736,0.3414141414141414,0.3407960199004975,0.10909090909090909,0.3684210526315789,0.2631578947368421,5.657894736842105,11.368421052631579,1.4473684210526316,0.10526315789473684,13.026315789473685,10.578947368421053,4.447368421052632,3.6052631578947367,0.5263157894736842,0.2631578947368421,1.7894736842105263,1.0526315789473684,0.47368421052631576,-0.05263157894736842
12,Fulham,2018/19,2019/20,38,7,5,26,26,34,81,-47,5,15,19,6,3,10,22,36,19,1,2,16,12,45,453,583,149,225,423,354,161,226,68,43,2,0,0.6842105263157895,0.1842105263157894,0.131578947368421,0.6842105263157895,0.8947368421052632,2.131578947368421,-1.236842105263158,0.32891832229580575,0.38593481989708406,0.07505518763796909,0.13157894736842105,0.39473684210526316,4.2368421052631575,11.131578947368421,1.7894736842105263,0.05263157894736842,11.921052631578947,15.342105263157896,3.9210526315789473,5.921052631578948,0.3157894736842105,0.05263157894736842,1.105263157894737,0.2631578947368421,-0.7368421052631579,-1.736842105263158
13,Huddersfield,2018/19,2019/20,38,3,7,28,16,22,76,-54,5,19,19,2,3,14,10,31,19,1,4,14,12,45,400,520,118,191,420,384,162,170,55,66,4,2,0.4210526315789473,0.0789473684210526,0.1842105263157894,0.7368421052631579,0.5789473684210527,2.0,-1.4210526315789471,0.295,0.36730769230769234,0.055,0.13157894736842105,0.5,4.2631578947368425,11.052631578947368,1.4473684210526316,0.10526315789473684,10.526315789473685,13.68421052631579,3.1052631578947367,5.026315789473684,0.10526315789473684,0.05263157894736842,0.47368421052631576,0.3684210526315789,-1.105263157894737,-1.736842105263158
17,Leicester,2018/19,2019/20,38,15,7,16,52,51,48,3,10,8,19,8,3,8,24,20,19,7,4,8,27,28,515,426,184,139,351,401,210,202,57,67,5,6,1.368421052631579,0.3947368421052631,0.1842105263157894,0.4210526315789473,1.3421052631578947,1.263157894736842,0.0789473684210526,0.3572815533980582,0.32629107981220656,0.09902912621359224,0.2631578947368421,0.21052631578947367,5.526315789473684,9.236842105263158,1.5,0.13157894736842105,13.552631578947368,11.210526315789474,4.842105263157895,3.6578947368421053,0.42105263157894735,0.3684210526315789,1.4210526315789473,1.3157894736842106,0.21052631578947367,-0.05263157894736842
18,Liverpool,2018/19,2019/20,38,30,7,1,97,89,22,67,21,3,19,17,2,0,55,10,19,13,5,1,34,12,574,307,226,97,315,366,249,126,37,48,2,1,2.5526315789473686,0.7894736842105263,0.1842105263157894,0.0263157894736842,2.3421052631578947,0.5789473684210527,1.763157894736842,0.39372822299651566,0.31596091205211724,0.15505226480836237,0.5526315789473685,0.07894736842105263,6.552631578947368,8.289473684210526,0.9736842105263158,0.05263157894736842,15.105263157894736,8.078947368421053,5.947368421052632,2.5526315789473686,0.8947368421052632,0.6842105263157895,2.789473684210526,2.3157894736842106,2.3684210526315788,1.1578947368421053
20,Man City,2018/19,2019/20,38,32,2,4,98,95,23,72,20,2,19,18,0,1,57,12,19,14,2,3,38,11,683,236,260,83,328,320,287,82,44,54,1,2,2.5789473684210527,0.8421052631578947,0.0526315789473684,0.1052631578947368,2.5,0.6052631578947368,1.894736842105263,0.3806734992679356,0.3516949152542373,0.1390922401171303,0.5263157894736842,0.05263157894736842,7.552631578947368,8.631578947368421,1.1578947368421053,0.02631578947368421,17.973684210526315,6.2105263157894735,6.842105263157895,2.1842105263157894,0.9473684210526315,0.7368421052631579,2.8421052631578947,2.3157894736842106,2.3684210526315788,1.4210526315789473
21,Man United,2018/19,2019/20,38,19,9,10,66,65,54,11,7,7,19,10,6,3,33,25,19,9,3,7,32,29,526,493,225,173,433,409,200,186,73,67,4,1,1.736842105263158,0.5,0.2368421052631578,0.2631578947368421,1.7105263157894737,1.4210526315789471,0.2894736842105263,0.42775665399239543,0.3509127789046653,0.12357414448669202,0.18421052631578946,0.18421052631578946,5.2631578947368425,11.394736842105264,1.9210526315789473,0.10526315789473684,13.842105263157896,12.973684210526315,5.921052631578948,4.552631578947368,0.5263157894736842,0.47368421052631576,1.894736842105263,1.5789473684210527,0.42105263157894735,0.15789473684210525
22,Newcastle,2018/19,2019/20,38,12,9,17,45,42,48,-6,11,13,19,8,1,10,24,25,19,4,8,7,18,23,444,489,142,148,422,349,181,231,57,58,2,1,1.1842105263157894,0.3157894736842105,0.2368421052631578,0.4473684210526316,1.105263157894737,1.263157894736842,-0.1578947368421052,0.31981981981981983,0.30265848670756645,0.0945945945945946,0.2894736842105263,0.34210526315789475,4.7631578947368425,11.105263157894736,1.5,0.05263157894736842,11.68421052631579,12.868421052631579,3.736842105263158,3.8947368421052633,0.42105263157894735,0.21052631578947367,1.3157894736842106,1.0526315789473684,-0.05263157894736842,-0.2631578947368421
26,Southampton,2018/19,2019/20,38,9,12,17,39,45,65,-20,7,10,19,5,8,6,27,30,19,4,4,11,18,35,480,523,162,179,420,351,193,213,71,61,3,1,1.0263157894736843,0.2368421052631578,0.3157894736842105,0.4473684210526316,1.1842105263157894,1.7105263157894737,-0.5263157894736842,0.3375,0.3422562141491396,0.09375,0.18421052631578946,0.2631578947368421,5.078947368421052,11.052631578947368,1.868421052631579,0.07894736842105263,12.631578947368421,13.763157894736842,4.2631578947368425,4.7105263157894735,0.2631578947368421,0.21052631578947367,1.2105263157894737,0.8421052631578947,-0.15789473684210525,-0.8947368421052632
28,Tottenham,2018/19,2019/20,38,23,2,13,71,67,39,28,13,6,19,12,2,5,34,16,19,11,0,8,33,23,536,463,189,159,375,386,194,187,56,61,3,2,1.868421052631579,0.6052631578947368,0.0526315789473684,0.3421052631578947,1.763157894736842,1.0263157894736843,0.7368421052631579,0.35261194029850745,0.3434125269978402,0.125,0.34210526315789475,0.15789473684210525,5.105263157894737,9.868421052631579,1.4736842105263157,0.07894736842105263,14.105263157894736,12.18421052631579,4.973684210526316,4.184210526315789,0.631578947368421,0.5789473684210527,2.0,1.736842105263158,0.9473684210526315,0.5263157894736842
29,Watford,2018/19,2019/20,38,14,8,16,50,52,59,-7,7,10,19,8,3,8,26,28,19,6,5,8,26,31,434,490,151,184,433,403,177,210,77,47,4,3,1.3157894736842106,0.3684210526315789,0.2105263157894736,0.4210526315789473,1.368421052631579,1.5526315789473684,-0.1842105263157894,0.347926267281106,0.37551020408163266,0.11981566820276497,0.18421052631578946,0.2631578947368421,4.657894736842105,11.394736842105264,2.026315789473684,0.10526315789473684,11.421052631578947,12.894736842105264,3.973684210526316,4.842105263157895,0.42105263157894735,0.3157894736842105,1.4210526315789473,1.2105263157894737,-0.10526315789473684,-0.2631578947368421
31,West Ham,2018/19,2019/20,38,15,7,16,52,52,55,-3,7,14,19,9,4,6,32,27,19,6,3,10,20,28,441,528,157,200,331,401,187,209,59,58,1,1,1.368421052631579,0.3947368421052631,0.1842105263157894,0.4210526315789473,1.368421052631579,1.4473684210526316,-0.0789473684210526,0.35600907029478457,0.3787878787878788,0.11791383219954649,0.18421052631578946,0.3684210526315789,4.921052631578948,8.710526315789474,1.5526315789473684,0.02631578947368421,11.605263157894736,13.894736842105264,4.131578947368421,5.2631578947368425,0.47368421052631576,0.3157894736842105,1.631578947368421,1.105263157894737,0.2631578947368421,-0.42105263157894735
32,Wolves,2018/19,2019/20,38,16,9,13,57,47,46,1,9,11,19,10,4,5,28,21,19,6,5,8,19,25,474,456,151,148,409,334,195,190,72,75,1,4,1.5,0.4210526315789473,0.2368421052631578,0.3421052631578947,1.236842105263158,1.2105263157894737,0.0263157894736842,0.31856540084388185,0.32456140350877194,0.09915611814345991,0.23684210526315788,0.2894736842105263,5.131578947368421,10.763157894736842,1.894736842105263,0.02631578947368421,12.473684210526315,12.0,3.973684210526316,3.8947368421052633,0.5263157894736842,0.3157894736842105,1.7894736842105263,1.2105263157894737,0.3684210526315789,-0.3157894736842105
1,Arsenal,2019/20,2020/21,38,14,14,10,56,56,48,8,10,7,19,10,6,3,36,24,19,4,8,7,20,24,410,554,151,194,421,459,231,229,86,79,5,1,1.4736842105263157,0.3684210526315789,0.3684210526315789,0.2631578947368421,1.4736842105263157,1.263157894736842,0.2105263157894736,0.36829268292682926,0.35018050541516244,0.13658536585365855,0.2631578947368421,0.18421052631578946,6.078947368421052,11.078947368421053,2.263157894736842,0.13157894736842105,10.789473684210526,14.578947368421053,3.973684210526316,5.105263157894737,0.5263157894736842,0.21052631578947367,1.894736842105263,1.0526315789473684,0.631578947368421,-0.21052631578947367
2,Aston Villa,2019/20,2020/21,38,9,8,21,35,41,67,-26,7,11,19,7,3,9,22,30,19,2,5,12,19,37,459,607,150,185,451,543,200,242,68,78,1,7,0.9210526315789472,0.2368421052631578,0.2105263157894736,0.5526315789473685,1.0789473684210529,1.763157894736842,-0.6842105263157895,0.32679738562091504,0.30477759472817134,0.08932461873638345,0.18421052631578946,0.2894736842105263,5.2631578947368425,11.868421052631579,1.7894736842105263,0.02631578947368421,12.078947368421053,15.973684210526315,3.9473684210526314,4.868421052631579,0.3684210526315789,0.10526315789473684,1.263157894736842,0.5789473684210527,-0.42105263157894735,-0.9473684210526315
3,Bournemouth,2019/20,2020/21,38,9,7,22,34,40,65,-25,5,15,19,5,6,8,22,30,19,4,1,14,18,35,389,558,121,195,369,419,194,251,73,67,3,3,0.8947368421052632,0.2368421052631578,0.1842105263157894,0.5789473684210527,1.0526315789473684,1.7105263157894737,-0.6578947368421053,0.3110539845758355,0.34946236559139787,0.10282776349614396,0.13157894736842105,0.39473684210526316,5.105263157894737,9.710526315789474,1.9210526315789473,0.07894736842105263,10.236842105263158,14.68421052631579,3.1842105263157894,5.131578947368421,0.2631578947368421,0.21052631578947367,1.105263157894737,0.6842105263157895,-0.42105263157894735,-0.8947368421052632
5,Brighton,2019/20,2020/21,38,9,14,15,41,39,54,-15,9,13,19,5,7,7,20,27,19,4,7,8,19,27,461,498,142,170,385,340,178,204,56,61,2,1,1.0789473684210529,0.2368421052631578,0.3684210526315789,0.3947368421052631,1.0263157894736843,1.4210526315789471,-0.3947368421052631,0.3080260303687636,0.3413654618473896,0.08459869848156182,0.23684210526315788,0.34210526315789475,4.684210526315789,10.131578947368421,1.4736842105263157,0.05263157894736842,12.131578947368421,13.105263157894736,3.736842105263158,4.473684210526316,0.2631578947368421,0.21052631578947367,1.1578947368421053,1.0,-0.3684210526315789,-0.42105263157894735
6,Burnley,2019/20,2020/21,38,15,9,14,54,43,50,-7,15,10,19,8,4,7,24,23,19,7,5,7,19,27,388,539,134,170,412,394,171,239,67,39,0,3,1.4210526315789471,0.3947368421052631,0.2368421052631578,0.3684210526315789,1.131578947368421,1.3157894736842106,-0.1842105263157894,0.34536082474226804,0.31539888682745826,0.11082474226804123,0.39473684210526316,0.2631578947368421,4.5,10.842105263157896,1.763157894736842,0.0,10.210526315789474,14.18421052631579,3.526315789473684,4.473684210526316,0.42105263157894735,0.3684210526315789,1.4736842105263157,1.368421052631579,0.05263157894736842,-0.42105263157894735
8,Chelsea,2019/20,2020/21,38,20,6,12,66,69,54,15,9,7,19,11,3,5,30,16,19,9,3,7,39,38,625,322,223,117,386,397,247,133,60,76,0,3,1.736842105263158,0.5263157894736842,0.1578947368421052,0.3157894736842105,1.8157894736842104,1.4210526315789471,0.3947368421052631,0.3568,0.36335403726708076,0.1104,0.23684210526315788,0.18421052631578946,6.5,10.157894736842104,1.5789473684210527,0.0,16.44736842105263,8.473684210526315,5.868421052631579,3.0789473684210527,0.5789473684210527,0.47368421052631576,1.894736842105263,1.5789473684210527,0.7368421052631579,0.05263157894736842
10,Crystal Palace,2019/20,2020/21,38,11,10,17,43,31,50,-19,10,16,19,6,5,8,15,20,19,5,5,9,16,30,376,514,120,175,425,495,177,235,61,81,2,5,1.131578947368421,0.2894736842105263,0.2631578947368421,0.4473684210526316,0.8157894736842105,1.3157894736842106,-0.5,0.3191489361702128,0.3404669260700389,0.08244680851063829,0.2631578947368421,0.42105263157894735,4.657894736842105,11.18421052631579,1.605263157894737,0.05263157894736842,9.894736842105264,13.526315789473685,3.1578947368421053,4.605263157894737,0.3157894736842105,0.2631578947368421,1.2105263157894737,1.0526315789473684,-0.2631578947368421,-0.7368421052631579
11,Everton,2019/20,2020/21,38,13,10,15,49,44,56,-12,9,10,19,8,7,4,24,21,19,5,3,11,20,35,470,427,162,148,472,410,203,182,70,59,3,2,1.2894736842105263,0.3421052631578947,0.2631578947368421,0.3947368421052631,1.1578947368421053,1.4736842105263157,-0.3157894736842105,0.3446808510638298,0.34660421545667447,0.09361702127659574,0.23684210526315788,0.2631578947368421,5.342105263157895,12.421052631578947,1.8421052631578947,0.07894736842105263,12.368421052631579,11.236842105263158,4.2631578947368425,3.8947368421052633,0.42105263157894735,0.2631578947368421,1.631578947368421,0.9473684210526315,0.15789473684210525,-0.7894736842105263
17,Leicester,2019/20,2020/21,38,18,8,12,62,67,41,26,13,9,19,11,4,4,35,17,19,7,4,8,32,24,537,380,190,137,418,460,222,175,41,67,3,3,1.631578947368421,0.4736842105263157,0.2105263157894736,0.3157894736842105,1.763157894736842,1.0789473684210529,0.6842105263157895,0.3538175046554935,0.3605263157894737,0.12476722532588454,0.34210526315789475,0.23684210526315788,5.842105263157895,11.0,1.0789473684210527,0.07894736842105263,14.131578947368421,10.0,5.0,3.6052631578947367,0.5789473684210527,0.3684210526315789,1.9473684210526316,1.3157894736842106,0.9473684210526315,0.42105263157894735
18,Liverpool,2019/20,2020/21,38,32,3,3,99,85,33,52,15,3,19,18,1,0,52,16,19,14,2,3,33,17,590,343,231,109,331,322,258,160,38,47,1,0,2.6052631578947367,0.8421052631578947,0.0789473684210526,0.0789473684210526,2.236842105263158,0.868421052631579,1.368421052631579,0.39152542372881355,0.3177842565597668,0.1440677966101695,0.39473684210526316,0.07894736842105263,6.7894736842105265,8.710526315789474,1.0,0.02631578947368421,15.526315789473685,9.026315789473685,6.078947368421052,2.8684210526315788,0.9473684210526315,0.7368421052631579,2.8947368421052633,2.3157894736842106,1.894736842105263,0.8421052631578947
20,Man City,2019/20,2020/21,38,26,3,9,81,102,35,67,17,4,19,15,2,2,57,13,19,11,1,7,45,22,745,279,263,115,361,312,298,98,60,53,4,1,2.131578947368421,0.6842105263157895,0.0789473684210526,0.2368421052631578,2.6842105263157894,0.9210526315789472,1.763157894736842,0.3530201342281879,0.4121863799283154,0.13691275167785236,0.4473684210526316,0.10526315789473684,7.842105263157895,9.5,1.5789473684210527,0.10526315789473684,19.605263157894736,7.342105263157895,6.921052631578948,3.026315789473684,0.7894736842105263,0.5789473684210527,2.473684210526316,1.7894736842105263,2.3157894736842106,1.2105263157894737
21,Man United,2019/20,2020/21,38,18,12,8,66,66,36,30,13,8,19,10,7,2,40,17,19,8,5,6,26,19,543,387,216,128,433,450,204,186,72,77,0,2,1.736842105263158,0.4736842105263157,0.3157894736842105,0.2105263157894736,1.736842105263158,0.9473684210526316,0.7894736842105263,0.39779005524861877,0.330749354005168,0.12154696132596685,0.34210526315789475,0.21052631578947367,5.368421052631579,11.394736842105264,1.894736842105263,0.0,14.289473684210526,10.18421052631579,5.684210526315789,3.3684210526315788,0.5263157894736842,0.42105263157894735,1.9473684210526316,1.5263157894736843,1.2105263157894737,0.3684210526315789
22,Newcastle,2019/20,2020/21,38,11,11,16,44,38,58,-20,11,13,19,6,8,5,20,21,19,5,3,11,18,37,395,567,131,200,370,434,151,252,65,55,3,2,1.1578947368421053,0.2894736842105263,0.2894736842105263,0.4210526315789473,1.0,1.5263157894736843,-0.5263157894736842,0.33164556962025316,0.3527336860670194,0.09620253164556962,0.2894736842105263,0.34210526315789475,3.973684210526316,9.736842105263158,1.7105263157894737,0.07894736842105263,10.394736842105264,14.921052631578947,3.4473684210526314,5.2631578947368425,0.3157894736842105,0.2631578947368421,1.368421052631579,0.9473684210526315,-0.05263157894736842,-1.0
23,Norwich,2019/20,2020/21,38,5,6,27,21,26,75,-49,5,20,19,4,3,12,19,37,19,1,3,15,7,38,408,605,131,214,363,444,162,266,67,56,3,2,0.5526315789473685,0.131578947368421,0.1578947368421052,0.7105263157894737,0.6842105263157895,1.973684210526316,-1.2894736842105263,0.32107843137254904,0.3537190082644628,0.06372549019607843,0.13157894736842105,0.5263157894736842,4.2631578947368425,9.552631578947368,1.763157894736842,0.07894736842105263,10.736842105263158,15.921052631578947,3.4473684210526314,5.631578947368421,0.21052631578947367,0.05263157894736842,0.7894736842105263,0.3157894736842105,-0.9473684210526315,-1.631578947368421
25,Sheffield United,2019/20,2020/21,38,14,12,12,54,39,39,0,13,12,19,10,3,6,24,15,19,4,9,6,15,24,354,430,115,140,410,326,212,218,61,45,2,0,1.4210526315789471,0.3684210526315789,0.3157894736842105,0.3157894736842105,1.0263157894736843,1.0263157894736843,0.0,0.3248587570621469,0.32558139534883723,0.11016949152542373,0.34210526315789475,0.3157894736842105,5.578947368421052,10.789473684210526,1.605263157894737,0.05263157894736842,9.31578947368421,11.31578947368421,3.026315789473684,3.6842105263157894,0.5263157894736842,0.21052631578947367,1.736842105263158,1.105263157894737,0.47368421052631576,-0.47368421052631576
26,Southampton,2019/20,2020/21,38,15,7,16,52,51,60,-9,9,6,19,6,3,10,21,35,19,9,4,6,30,25,500,452,181,168,450,414,210,223,53,65,4,3,1.368421052631579,0.3947368421052631,0.1842105263157894,0.4210526315789473,1.3421052631578947,1.5789473684210529,-0.2368421052631578,0.362,0.37168141592920356,0.102,0.23684210526315788,0.15789473684210525,5.526315789473684,11.842105263157896,1.394736842105263,0.10526315789473684,13.157894736842104,11.894736842105264,4.7631578947368425,4.421052631578948,0.3157894736842105,0.47368421052631576,1.105263157894737,1.631578947368421,-0.7368421052631579,0.2631578947368421
28,Tottenham,2019/20,2020/21,38,16,11,11,59,61,47,14,8,7,19,12,3,4,36,17,19,4,8,7,25,30,445,536,160,183,423,442,200,207,82,80,3,1,1.5526315789473684,0.4210526315789473,0.2894736842105263,0.2894736842105263,1.605263157894737,1.236842105263158,0.3684210526315789,0.3595505617977528,0.3414179104477612,0.13707865168539327,0.21052631578947367,0.18421052631578946,5.2631578947368425,11.131578947368421,2.1578947368421053,0.07894736842105263,11.710526315789474,14.105263157894736,4.2105263157894735,4.815789473684211,0.631578947368421,0.21052631578947367,2.0526315789473686,1.0526315789473684,1.0,-0.2631578947368421
29,Watford,2019/20,2020/21,38,8,10,20,34,36,64,-28,9,16,19,6,6,7,22,27,19,2,4,13,14,37,424,500,120,183,484,356,167,201,75,65,3,1,0.8947368421052632,0.2105263157894736,0.2631578947368421,0.5263157894736842,0.9473684210526316,1.6842105263157894,-0.7368421052631579,0.2830188679245283,0.366,0.08490566037735849,0.23684210526315788,0.42105263157894735,4.394736842105263,12.736842105263158,1.9736842105263157,0.07894736842105263,11.157894736842104,13.157894736842104,3.1578947368421053,4.815789473684211,0.3157894736842105,0.10526315789473684,1.263157894736842,0.5263157894736842,-0.2631578947368421,-1.2105263157894737
31,West Ham,2019/20,2020/21,38,10,9,19,39,49,62,-13,7,12,19,6,4,9,30,33,19,4,5,10,19,29,417,501,163,189,387,356,190,219,62,44,1,0,1.0263157894736843,0.2631578947368421,0.2368421052631578,0.5,1.2894736842105263,1.631578947368421,-0.3421052631578947,0.3908872901678657,0.3772455089820359,0.11750599520383694,0.18421052631578946,0.3157894736842105,5.0,10.18421052631579,1.631578947368421,0.02631578947368421,10.973684210526315,13.18421052631579,4.2894736842105265,4.973684210526316,0.3157894736842105,0.21052631578947367,1.1578947368421053,0.8947368421052632,-0.15789473684210525,-0.5263157894736842
32,Wolves,2019/20,2020/21,38,15,14,9,59,51,40,11,13,8,19,8,7,4,27,19,19,7,7,5,24,21,459,396,145,129,406,384,193,148,57,80,2,5,1.5526315789473684,0.3947368421052631,0.3684210526315789,0.2368421052631578,1.3421052631578947,1.0526315789473684,0.2894736842105263,0.3159041394335512,0.32575757575757575,0.1111111111111111,0.34210526315789475,0.21052631578947367,5.078947368421052,10.68421052631579,1.5,0.05263157894736842,12.078947368421053,10.421052631578947,3.8157894736842106,3.3947368421052633,0.42105263157894735,0.3684210526315789,1.631578947368421,1.4736842105263157,0.42105263157894735,0.15789473684210525
1,Arsenal,2020/21,2021/22,38,18,7,13,61,55,39,16,12,12,19,8,4,7,24,21,19,10,3,6,31,18,459,416,152,132,345,421,208,166,47,72,5,2,1.605263157894737,0.4736842105263157,0.1842105263157894,0.3421052631578947,1.4473684210526316,1.0263157894736843,0.4210526315789473,0.3311546840958606,0.3173076923076923,0.11982570806100218,0.3157894736842105,0.3157894736842105,5.473684210526316,9.078947368421053,1.236842105263158,0.13157894736842105,12.078947368421053,10.947368421052632,4.0,3.473684210526316,0.42105263157894735,0.5263157894736842,1.4736842105263157,1.736842105263158,0.15789473684210525,0.6842105263157895
2,Aston Villa,2020/21,2021/22,38,16,7,15,55,55,46,9,15,8,19,7,4,8,29,27,19,9,3,7,26,19,511,538,187,189,439,567,215,194,63,67,3,6,1.4473684210526316,0.4210526315789473,0.1842105263157894,0.3947368421052631,1.4473684210526316,1.2105263157894737,0.2368421052631578,0.3659491193737769,0.3513011152416357,0.10763209393346379,0.39473684210526316,0.21052631578947367,5.657894736842105,11.552631578947368,1.6578947368421053,0.07894736842105263,13.447368421052632,14.157894736842104,4.921052631578948,4.973684210526316,0.3684210526315789,0.47368421052631576,1.3157894736842106,1.5789473684210527,0.10526315789473684,0.3684210526315789
5,Brighton,2020/21,2021/22,38,9,14,15,41,40,46,-6,12,12,19,4,9,6,22,22,19,5,5,9,18,24,487,358,143,127,427,376,219,167,45,52,6,2,1.0789473684210529,0.2368421052631578,0.3684210526315789,0.3947368421052631,1.0526315789473684,1.2105263157894737,-0.1578947368421052,0.2936344969199179,0.3547486033519553,0.08213552361396304,0.3157894736842105,0.3157894736842105,5.7631578947368425,11.236842105263158,1.1842105263157894,0.15789473684210525,12.81578947368421,9.421052631578947,3.763157894736842,3.3421052631578947,0.21052631578947367,0.2631578947368421,1.105263157894737,1.0526315789473684,0.0,-0.3157894736842105
6,Burnley,2020/21,2021/22,38,10,9,19,39,33,55,-22,11,17,19,4,6,9,14,27,19,6,3,10,19,28,384,573,130,187,384,403,172,239,48,32,0,2,1.0263157894736843,0.2631578947368421,0.2368421052631578,0.5,0.868421052631579,1.4473684210526316,-0.5789473684210527,0.3385416666666667,0.3263525305410122,0.0859375,0.2894736842105263,0.4473684210526316,4.526315789473684,10.105263157894736,1.263157894736842,0.0,10.105263157894736,15.078947368421053,3.4210526315789473,4.921052631578948,0.21052631578947367,0.3157894736842105,0.9473684210526315,1.105263157894737,-0.6842105263157895,-0.47368421052631576
8,Chelsea,2020/21,2021/22,38,19,10,9,67,58,36,22,18,10,19,9,6,4,31,18,19,10,4,5,27,18,558,336,209,109,433,377,227,160,48,53,3,3,1.763157894736842,0.5,0.2631578947368421,0.2368421052631578,1.5263157894736843,0.9473684210526316,0.5789473684210527,0.37455197132616486,0.3244047619047619,0.1039426523297491,0.47368421052631576,0.2631578947368421,5.973684210526316,11.394736842105264,1.263157894736842,0.07894736842105263,14.68421052631579,8.842105263157896,5.5,2.8684210526315788,0.47368421052631576,0.5263157894736842,1.736842105263158,1.7894736842105263,0.6842105263157895,0.47368421052631576
10,Crystal Palace,2020/21,2021/22,38,12,8,18,44,41,66,-25,8,14,19,6,5,8,20,32,19,6,3,10,21,34,349,536,131,177,409,438,151,230,54,42,2,4,1.1578947368421053,0.3157894736842105,0.2105263157894736,0.4736842105263157,1.0789473684210529,1.736842105263158,-0.6578947368421053,0.3753581661891118,0.3302238805970149,0.1174785100286533,0.21052631578947367,0.3684210526315789,3.973684210526316,10.763157894736842,1.4210526315789473,0.05263157894736842,9.18421052631579,14.105263157894736,3.4473684210526314,4.657894736842105,0.3157894736842105,0.3157894736842105,1.2105263157894737,1.105263157894737,-0.631578947368421,-0.6842105263157895
11,Everton,2020/21,2021/22,38,17,8,13,59,47,48,-1,12,10,19,6,4,9,24,28,19,11,4,4,23,20,400,504,148,163,386,409,167,227,58,66,2,1,1.5526315789473684,0.4473684210526316,0.2105263157894736,0.3421052631578947,1.236842105263158,1.263157894736842,-0.0263157894736842,0.37,0.32341269841269843,0.1175,0.3157894736842105,0.2631578947368421,4.394736842105263,10.157894736842104,1.5263157894736843,0.05263157894736842,10.526315789473685,13.263157894736842,3.8947368421052633,4.2894736842105265,0.3157894736842105,0.5789473684210527,1.1578947368421053,1.9473684210526316,-0.21052631578947367,0.15789473684210525
12,Fulham,2020/21,2021/22,38,5,13,20,28,27,53,-26,9,18,19,2,4,13,9,28,19,3,9,7,18,25,442,429,136,173,484,387,164,192,66,39,3,1,0.7368421052631579,0.131578947368421,0.3421052631578947,0.5263157894736842,0.7105263157894737,1.394736842105263,-0.6842105263157895,0.3076923076923077,0.40326340326340326,0.06108597285067873,0.23684210526315788,0.47368421052631576,4.315789473684211,12.736842105263158,1.736842105263158,0.07894736842105263,11.631578947368421,11.289473684210526,3.5789473684210527,4.552631578947368,0.10526315789473684,0.15789473684210525,0.5263157894736842,0.9473684210526315,-1.0,-0.3684210526315789
16,Leeds,2020/21,2021/22,38,18,5,15,59,62,54,8,12,10,19,8,5,6,28,21,19,10,0,9,34,33,522,558,199,201,427,432,231,212,61,47,1,2,1.5526315789473684,0.4736842105263157,0.131578947368421,0.3947368421052631,1.631578947368421,1.4210526315789471,0.2105263157894736,0.38122605363984674,0.3602150537634409,0.11877394636015326,0.3157894736842105,0.2631578947368421,6.078947368421052,11.236842105263158,1.605263157894737,0.02631578947368421,13.736842105263158,14.68421052631579,5.2368421052631575,5.2894736842105265,0.42105263157894735,0.5263157894736842,1.5263157894736843,1.5789473684210527,0.3684210526315789,0.05263157894736842
17,Leicester,2020/21,2021/22,38,20,6,12,66,68,50,18,11,6,19,9,1,9,34,30,19,11,5,3,34,20,484,369,185,139,416,440,214,181,60,61,0,1,1.736842105263158,0.5263157894736842,0.1578947368421052,0.3157894736842105,1.7894736842105263,1.3157894736842106,0.4736842105263157,0.3822314049586777,0.37669376693766937,0.14049586776859505,0.2894736842105263,0.15789473684210525,5.631578947368421,10.947368421052632,1.5789473684210527,0.0,12.736842105263158,9.710526315789474,4.868421052631579,3.6578947368421053,0.47368421052631576,0.5789473684210527,1.4736842105263157,2.0,0.21052631578947367,0.7368421052631579
18,Liverpool,2020/21,2021/22,38,20,9,9,69,68,42,26,12,8,19,10,3,6,29,20,19,10,6,3,39,22,608,333,214,144,396,355,260,122,40,56,0,2,1.8157894736842104,0.5263157894736842,0.2368421052631578,0.2368421052631578,1.7894736842105263,1.105263157894737,0.6842105263157895,0.3519736842105263,0.43243243243243246,0.1118421052631579,0.3157894736842105,0.21052631578947367,6.842105263157895,10.421052631578947,1.0526315789473684,0.0,16.0,8.763157894736842,5.631578947368421,3.789473684210526,0.5263157894736842,0.5263157894736842,1.736842105263158,1.894736842105263,0.47368421052631576,0.8947368421052632
20,Man City,2020/21,2021/22,38,27,5,6,86,83,32,51,19,3,19,13,2,4,43,17,19,14,3,2,40,15,604,285,219,100,361,389,247,112,46,59,2,2,2.263157894736842,0.7105263157894737,0.131578947368421,0.1578947368421052,2.1842105263157894,0.8421052631578947,1.3421052631578947,0.36258278145695366,0.3508771929824561,0.13741721854304637,0.5,0.07894736842105263,6.5,9.5,1.2105263157894737,0.05263157894736842,15.894736842105264,7.5,5.7631578947368425,2.6315789473684212,0.6842105263157895,0.7368421052631579,2.1578947368421053,2.3684210526315788,1.368421052631579,1.3157894736842106
21,Man United,2020/21,2021/22,38,21,11,6,74,73,44,29,13,8,19,9,4,6,38,28,19,12,7,0,35,16,521,418,212,140,452,411,197,163,64,62,1,3,1.947368421052632,0.5526315789473685,0.2894736842105263,0.1578947368421052,1.9210526315789476,1.1578947368421053,0.7631578947368421,0.4069097888675624,0.3349282296650718,0.1401151631477927,0.34210526315789475,0.21052631578947367,5.184210526315789,11.894736842105264,1.6842105263157894,0.02631578947368421,13.710526315789474,11.0,5.578947368421052,3.6842105263157894,0.47368421052631576,0.631578947368421,1.631578947368421,2.263157894736842,0.5263157894736842,1.0
22,Newcastle,2020/21,2021/22,38,12,9,17,45,46,62,-16,7,12,19,6,5,8,26,33,19,6,4,9,20,29,397,572,142,193,388,432,161,229,61,57,3,3,1.1842105263157894,0.3157894736842105,0.2368421052631578,0.4473684210526316,1.2105263157894737,1.631578947368421,-0.4210526315789473,0.35768261964735515,0.3374125874125874,0.11586901763224182,0.18421052631578946,0.3157894736842105,4.2368421052631575,10.210526315789474,1.605263157894737,0.07894736842105263,10.447368421052632,15.052631578947368,3.736842105263158,5.078947368421052,0.3157894736842105,0.3157894736842105,1.2105263157894737,1.1578947368421053,-0.3684210526315789,-0.47368421052631576
25,Sheffield United,2020/21,2021/22,38,7,2,29,23,20,63,-43,5,21,19,5,1,13,12,27,19,2,1,16,8,36,325,542,99,212,459,304,171,243,73,37,3,1,0.6052631578947368,0.1842105263157894,0.0526315789473684,0.7631578947368421,0.5263157894736842,1.6578947368421053,-1.131578947368421,0.3046153846153846,0.39114391143911437,0.06153846153846154,0.13157894736842105,0.5526315789473685,4.5,12.078947368421053,1.9210526315789473,0.07894736842105263,8.552631578947368,14.263157894736842,2.6052631578947367,5.578947368421052,0.2631578947368421,0.10526315789473684,0.8421052631578947,0.3684210526315789,-0.7894736842105263,-1.4736842105263157
26,Southampton,2020/21,2021/22,38,12,7,19,43,47,68,-21,9,13,19,8,3,8,28,25,19,4,4,11,19,43,423,428,166,180,426,438,178,197,52,54,3,3,1.131578947368421,0.3157894736842105,0.1842105263157894,0.5,1.236842105263158,1.7894736842105263,-0.5526315789473685,0.39243498817966904,0.4205607476635514,0.1111111111111111,0.23684210526315788,0.34210526315789475,4.684210526315789,11.210526315789474,1.368421052631579,0.07894736842105263,11.131578947368421,11.263157894736842,4.368421052631579,4.7368421052631575,0.42105263157894735,0.21052631578947367,1.4210526315789473,0.8421052631578947,0.15789473684210525,-1.263157894736842
28,Tottenham,2020/21,2021/22,38,18,8,12,62,68,45,23,12,6,19,10,3,6,35,20,19,8,5,6,33,25,444,488,176,158,439,494,168,201,53,77,2,1,1.631578947368421,0.4736842105263157,0.2105263157894736,0.3157894736842105,1.7894736842105263,1.1842105263157894,0.6052631578947368,0.3963963963963964,0.3237704918032787,0.15315315315315314,0.3157894736842105,0.15789473684210525,4.421052631578948,11.552631578947368,1.394736842105263,0.05263157894736842,11.68421052631579,12.842105263157896,4.631578947368421,4.157894736842105,0.5263157894736842,0.42105263157894735,1.736842105263158,1.5263157894736843,0.7894736842105263,0.42105263157894735
30,West Brom,2020/21,2021/22,38,5,11,22,26,35,76,-41,6,16,19,3,6,10,15,39,19,2,5,12,20,37,340,599,112,246,404,430,145,267,51,48,4,1,0.6842105263157895,0.131578947368421,0.2894736842105263,0.5789473684210527,0.9210526315789472,2.0,-1.0789473684210529,0.32941176470588235,0.41068447412353926,0.10294117647058823,0.15789473684210525,0.42105263157894735,3.8157894736842106,10.631578947368421,1.3421052631578947,0.10526315789473684,8.947368421052632,15.763157894736842,2.9473684210526314,6.473684210526316,0.15789473684210525,0.10526315789473684,0.7894736842105263,0.5789473684210527,-1.263157894736842,-0.8947368421052632
31,West Ham,2020/21,2021/22,38,19,8,11,65,62,47,15,11,7,19,10,4,5,32,22,19,9,4,6,30,25,468,464,165,152,374,367,168,184,48,50,3,1,1.7105263157894737,0.5,0.2105263157894736,0.2894736842105263,1.631578947368421,1.236842105263158,0.3947368421052631,0.3525641025641026,0.3275862068965517,0.13247863247863248,0.2894736842105263,0.18421052631578946,4.421052631578948,9.842105263157896,1.263157894736842,0.07894736842105263,12.31578947368421,12.210526315789474,4.342105263157895,4.0,0.5263157894736842,0.47368421052631576,1.7894736842105263,1.631578947368421,0.5263157894736842,0.2631578947368421
32,Wolves,2020/21,2021/22,38,12,9,17,45,36,52,-16,10,13,19,7,4,8,21,25,19,5,5,9,15,27,462,442,154,157,425,404,209,186,53,60,0,5,1.1842105263157894,0.3157894736842105,0.2368421052631578,0.4473684210526316,0.9473684210526316,1.368421052631579,-0.4210526315789473,0.3333333333333333,0.3552036199095023,0.07792207792207792,0.2631578947368421,0.34210526315789475,5.5,11.18421052631579,1.394736842105263,0.0,12.157894736842104,11.631578947368421,4.052631578947368,4.131578947368421,0.3684210526315789,0.2631578947368421,1.3157894736842106,1.0526315789473684,-0.21052631578947367,-0.631578947368421
1,Arsenal,2021/22,2022/23,38,22,3,13,69,61,48,13,13,11,19,13,2,4,35,17,19,9,1,9,26,31,588,425,197,147,363,376,209,176,60,65,4,3,1.8157894736842104,0.5789473684210527,0.0789473684210526,0.3421052631578947,1.605263157894737,1.263157894736842,0.3421052631578947,0.33503401360544216,0.3458823529411765,0.10374149659863946,0.34210526315789475,0.2894736842105263,5.5,9.552631578947368,1.5789473684210527,0.10526315789473684,15.473684210526315,11.18421052631579,5.184210526315789,3.8684210526315788,0.6842105263157895,0.47368421052631576,2.1578947368421053,1.4736842105263157,0.9473684210526315,-0.2631578947368421
2,Aston Villa,2021/22,2022/23,38,13,6,19,45,52,54,-2,11,8,19,6,5,8,29,29,19,7,1,11,23,25,454,477,162,157,401,512,196,222,77,84,2,1,1.1842105263157894,0.3421052631578947,0.1578947368421052,0.5,1.368421052631579,1.4210526315789471,-0.0526315789473684,0.3568281938325991,0.32914046121593293,0.1145374449339207,0.2894736842105263,0.21052631578947367,5.157894736842105,10.552631578947368,2.026315789473684,0.05263157894736842,11.947368421052632,12.552631578947368,4.2631578947368425,4.131578947368421,0.3157894736842105,0.3684210526315789,1.2105263157894737,1.1578947368421053,0.0,-0.10526315789473684
4,Brentford,2021/22,2022/23,38,13,7,18,46,48,56,-8,9,12,19,7,3,9,22,21,19,6,4,9,26,35,442,502,154,183,371,377,159,232,61,50,3,3,1.2105263157894737,0.3421052631578947,0.1842105263157894,0.4736842105263157,1.263157894736842,1.4736842105263157,-0.2105263157894736,0.34841628959276016,0.3645418326693227,0.1085972850678733,0.23684210526315788,0.3157894736842105,4.184210526315789,9.763157894736842,1.605263157894737,0.07894736842105263,11.631578947368421,13.210526315789474,4.052631578947368,4.815789473684211,0.3684210526315789,0.3157894736842105,1.263157894736842,1.1578947368421053,0.05263157894736842,-0.47368421052631576
5,Brighton,2021/22,2022/23,38,12,15,11,51,42,44,-2,11,13,19,5,7,7,19,23,19,7,8,4,23,21,490,476,152,152,393,372,202,212,71,80,2,0,1.3421052631578947,0.3157894736842105,0.3947368421052631,0.2894736842105263,1.105263157894737,1.1578947368421053,-0.0526315789473684,0.31020408163265306,0.31932773109243695,0.08571428571428572,0.2894736842105263,0.34210526315789475,5.315789473684211,10.342105263157896,1.868421052631579,0.05263157894736842,12.894736842105264,12.526315789473685,4.0,4.0,0.2631578947368421,0.3684210526315789,1.1578947368421053,1.5263157894736843,-0.21052631578947367,0.10526315789473684
6,Burnley,2021/22,2022/23,38,7,14,17,35,34,53,-19,9,16,19,5,6,8,18,25,19,2,8,9,16,28,407,603,125,187,394,339,184,255,68,44,2,0,0.9210526315789472,0.1842105263157894,0.3684210526315789,0.4473684210526316,0.8947368421052632,1.394736842105263,-0.5,0.3071253071253071,0.3101160862354892,0.08353808353808354,0.23684210526315788,0.42105263157894735,4.842105263157895,10.368421052631579,1.7894736842105263,0.05263157894736842,10.710526315789474,15.868421052631579,3.289473684210526,4.921052631578948,0.2631578947368421,0.10526315789473684,1.105263157894737,0.7368421052631579,-0.3684210526315789,-0.631578947368421
8,Chelsea,2021/22,2022/23,38,21,11,6,74,76,33,43,16,4,19,9,7,3,37,22,19,12,4,3,39,11,592,341,211,119,409,405,242,152,63,67,1,4,1.947368421052632,0.5526315789473685,0.2894736842105263,0.1578947368421052,2.0,0.868421052631579,1.131578947368421,0.3564189189189189,0.3489736070381232,0.12837837837837837,0.42105263157894735,0.10526315789473684,6.368421052631579,10.763157894736842,1.6578947368421053,0.02631578947368421,15.578947368421053,8.973684210526315,5.552631578947368,3.1315789473684212,0.47368421052631576,0.631578947368421,1.7894736842105263,2.1052631578947367,0.7894736842105263,1.4736842105263157
10,Crystal Palace,2021/22,2022/23,38,11,15,12,48,50,46,4,12,11,19,7,8,4,27,17,19,4,7,8,23,29,412,443,147,146,415,500,176,184,67,69,1,3,1.263157894736842,0.2894736842105263,0.3947368421052631,0.3157894736842105,1.3157894736842106,1.2105263157894737,0.1052631578947368,0.3567961165048544,0.3295711060948081,0.12135922330097088,0.3157894736842105,0.2894736842105263,4.631578947368421,10.921052631578947,1.763157894736842,0.02631578947368421,10.842105263157896,11.657894736842104,3.8684210526315788,3.8421052631578947,0.3684210526315789,0.21052631578947367,1.5263157894736843,1.0,0.5263157894736842,-0.3157894736842105
11,Everton,2021/22,2022/23,38,11,6,21,39,43,66,-23,8,12,19,9,2,8,27,25,19,2,4,13,16,41,438,522,138,190,368,401,161,219,76,70,6,0,1.0263157894736843,0.2894736842105263,0.1578947368421052,0.5526315789473685,1.131578947368421,1.736842105263158,-0.6052631578947368,0.3150684931506849,0.36398467432950193,0.09817351598173515,0.21052631578947367,0.3157894736842105,4.2368421052631575,9.68421052631579,2.0,0.15789473684210525,11.526315789473685,13.736842105263158,3.6315789473684212,5.0,0.47368421052631576,0.10526315789473684,1.5263157894736843,0.5263157894736842,0.10526315789473684,-1.3157894736842106
16,Leeds,2021/22,2022/23,38,9,11,18,38,42,79,-37,5,13,19,4,6,9,19,38,19,5,5,9,23,41,485,582,154,231,469,386,171,182,100,68,3,3,1.0,0.2368421052631578,0.2894736842105263,0.4736842105263157,1.105263157894737,2.0789473684210527,-0.9736842105263158,0.31752577319587627,0.39690721649484534,0.0865979381443299,0.13157894736842105,0.34210526315789475,4.5,12.342105263157896,2.6315789473684212,0.07894736842105263,12.763157894736842,15.31578947368421,4.052631578947368,6.078947368421052,0.21052631578947367,0.2631578947368421,0.9473684210526315,1.0526315789473684,-1.0,-0.9473684210526315
17,Leicester,2021/22,2022/23,38,14,10,14,52,62,59,3,7,6,19,10,4,5,34,23,19,4,6,9,28,36,435,558,169,197,356,405,185,220,54,59,1,0,1.368421052631579,0.3684210526315789,0.2631578947368421,0.3684210526315789,1.631578947368421,1.5526315789473684,0.0789473684210526,0.38850574712643676,0.35304659498207885,0.1425287356321839,0.18421052631578946,0.15789473684210525,4.868421052631579,9.368421052631579,1.4210526315789473,0.02631578947368421,11.447368421052632,14.68421052631579,4.447368421052632,5.184210526315789,0.5263157894736842,0.21052631578947367,1.7894736842105263,0.9473684210526315,0.5789473684210527,-0.42105263157894735
18,Liverpool,2021/22,2022/23,38,28,8,2,92,94,26,68,21,1,19,15,4,0,49,9,19,13,4,2,45,17,730,296,256,110,363,311,285,117,50,63,1,3,2.421052631578948,0.7368421052631579,0.2105263157894736,0.0526315789473684,2.473684210526316,0.6842105263157895,1.7894736842105263,0.3506849315068493,0.3716216216216216,0.12876712328767123,0.5526315789473685,0.02631578947368421,7.5,9.552631578947368,1.3157894736842106,0.02631578947368421,19.210526315789473,7.7894736842105265,6.7368421052631575,2.8947368421052633,0.7894736842105263,0.6842105263157895,2.5789473684210527,2.263157894736842,2.1052631578947367,1.4736842105263157
20,Man City,2021/22,2022/23,38,29,6,3,93,99,26,73,21,4,19,15,2,2,58,15,19,14,4,1,41,11,715,237,254,88,320,341,317,108,42,63,1,3,2.4473684210526314,0.7631578947368421,0.1578947368421052,0.0789473684210526,2.6052631578947367,0.6842105263157895,1.9210526315789476,0.35524475524475524,0.37130801687763715,0.13846153846153847,0.5526315789473685,0.10526315789473684,8.342105263157896,8.421052631578947,1.105263157894737,0.02631578947368421,18.81578947368421,6.2368421052631575,6.684210526315789,2.3157894736842106,0.7894736842105263,0.7368421052631579,2.473684210526316,2.4210526315789473,2.263157894736842,1.5789473684210527
21,Man United,2021/22,2022/23,38,16,10,12,58,57,57,0,8,9,19,10,5,4,32,22,19,6,5,8,25,35,508,511,187,183,395,333,199,209,75,48,2,1,1.5263157894736843,0.4210526315789473,0.2631578947368421,0.3157894736842105,1.5,1.5,0.0,0.36811023622047245,0.35812133072407043,0.11220472440944881,0.21052631578947367,0.23684210526315788,5.2368421052631575,10.394736842105264,1.9736842105263157,0.05263157894736842,13.368421052631579,13.447368421052632,4.921052631578948,4.815789473684211,0.5263157894736842,0.3157894736842105,1.8421052631578947,1.2105263157894737,0.5263157894736842,-0.5263157894736842
22,Newcastle,2021/22,2022/23,38,13,10,15,49,44,62,-18,8,9,19,8,6,5,26,27,19,5,4,10,18,35,448,520,148,171,391,382,160,191,79,75,1,4,1.2894736842105263,0.3421052631578947,0.2631578947368421,0.3947368421052631,1.1578947368421053,1.631578947368421,-0.4736842105263157,0.33035714285714285,0.32884615384615384,0.09821428571428571,0.21052631578947367,0.23684210526315788,4.2105263157894735,10.289473684210526,2.0789473684210527,0.02631578947368421,11.789473684210526,13.68421052631579,3.8947368421052633,4.5,0.42105263157894735,0.2631578947368421,1.5789473684210527,1.0,-0.05263157894736842,-0.8947368421052632
23,Norwich,2021/22,2022/23,38,5,7,26,22,23,84,-61,6,22,19,3,3,13,12,43,19,2,4,13,11,41,374,631,109,230,356,443,165,253,55,59,2,1,0.5789473684210527,0.131578947368421,0.1842105263157894,0.6842105263157895,0.6052631578947368,2.210526315789474,-1.605263157894737,0.2914438502673797,0.36450079239302696,0.06149732620320856,0.15789473684210525,0.5789473684210527,4.342105263157895,9.368421052631579,1.4473684210526316,0.05263157894736842,9.842105263157896,16.605263157894736,2.8684210526315788,6.052631578947368,0.15789473684210525,0.10526315789473684,0.631578947368421,0.5263157894736842,-1.631578947368421,-1.5789473684210527
26,Southampton,2021/22,2022/23,38,9,13,16,40,43,67,-24,8,9,19,6,7,6,23,24,19,3,6,10,20,43,482,497,170,189,402,377,234,197,63,61,2,1,1.0526315789473684,0.2368421052631578,0.3421052631578947,0.4210526315789473,1.131578947368421,1.763157894736842,-0.631578947368421,0.35269709543568467,0.38028169014084506,0.08921161825726141,0.21052631578947367,0.23684210526315788,6.157894736842105,10.578947368421053,1.6578947368421053,0.05263157894736842,12.68421052631579,13.078947368421053,4.473684210526316,4.973684210526316,0.3157894736842105,0.15789473684210525,1.3157894736842106,0.7894736842105263,-0.05263157894736842,-1.2105263157894737
28,Tottenham,2021/22,2022/23,38,22,5,11,71,69,40,29,16,10,19,13,1,5,38,19,19,9,4,6,31,21,491,481,198,141,386,412,195,193,67,75,1,6,1.868421052631579,0.5789473684210527,0.131578947368421,0.2894736842105263,1.8157894736842104,1.0526315789473684,0.7631578947368421,0.40325865580448067,0.29313929313929316,0.14052953156822812,0.42105263157894735,0.2631578947368421,5.131578947368421,10.157894736842104,1.763157894736842,0.02631578947368421,12.921052631578947,12.657894736842104,5.2105263157894735,3.710526315789474,0.6842105263157895,0.47368421052631576,2.1052631578947367,1.631578947368421,1.0,0.5263157894736842
29,Watford,2021/22,2022/23,38,6,5,27,23,34,77,-43,4,18,19,2,2,15,17,46,19,4,3,12,17,31,396,561,127,193,440,363,162,235,57,62,3,1,0.6052631578947368,0.1578947368421052,0.131578947368421,0.7105263157894737,0.8947368421052632,2.026315789473684,-1.131578947368421,0.3207070707070707,0.34402852049910876,0.08585858585858586,0.10526315789473684,0.47368421052631576,4.2631578947368425,11.578947368421053,1.5,0.07894736842105263,10.421052631578947,14.763157894736842,3.3421052631578947,5.078947368421052,0.10526315789473684,0.21052631578947367,0.42105263157894735,0.7894736842105263,-1.5263157894736843,-0.7368421052631579
31,West Ham,2021/22,2022/23,38,16,8,14,56,60,51,9,8,8,19,9,5,5,33,26,19,7,3,9,27,25,433,548,158,167,324,292,191,200,47,46,3,3,1.4736842105263157,0.4210526315789473,0.2105263157894736,0.3684210526315789,1.5789473684210529,1.3421052631578947,0.2368421052631578,0.3648960739030023,0.30474452554744524,0.13856812933025403,0.21052631578947367,0.21052631578947367,5.026315789473684,8.526315789473685,1.236842105263158,0.07894736842105263,11.394736842105264,14.421052631578947,4.157894736842105,4.394736842105263,0.47368421052631576,0.3684210526315789,1.6842105263157894,1.263157894736842,0.3684210526315789,0.10526315789473684
32,Wolves,2021/22,2022/23,38,15,6,17,51,38,43,-5,11,16,19,7,3,9,20,25,19,8,3,8,18,18,402,511,136,171,365,354,168,204,59,83,2,3,1.3421052631578947,0.3947368421052631,0.1578947368421052,0.4473684210526316,1.0,1.131578947368421,-0.131578947368421,0.3383084577114428,0.33463796477495106,0.0945273631840796,0.2894736842105263,0.42105263157894735,4.421052631578948,9.605263157894736,1.5526315789473684,0.05263157894736842,10.578947368421053,13.447368421052632,3.5789473684210527,4.5,0.3684210526315789,0.42105263157894735,1.263157894736842,1.4210526315789473,-0.2631578947368421,0.0
1,Arsenal,2022/23,2023/24,38,26,6,6,84,88,43,45,14,4,19,14,3,2,53,25,19,12,3,4,35,18,593,341,204,136,373,457,223,141,51,82,0,1,2.210526315789474,0.6842105263157895,0.1578947368421052,0.1578947368421052,2.3157894736842106,1.131578947368421,1.1842105263157894,0.3440134907251265,0.39882697947214074,0.14839797639123103,0.3684210526315789,0.10526315789473684,5.868421052631579,9.81578947368421,1.3421052631578947,0.0,15.605263157894736,8.973684210526315,5.368421052631579,3.5789473684210527,0.7368421052631579,0.631578947368421,2.3684210526315788,2.0526315789473686,1.4736842105263157,0.8947368421052632
2,Aston Villa,2022/23,2023/24,38,18,7,13,61,51,46,5,12,8,19,12,2,5,33,21,19,6,5,8,18,25,431,423,151,159,417,497,165,212,80,78,1,3,1.605263157894737,0.4736842105263157,0.1842105263157894,0.3421052631578947,1.3421052631578947,1.2105263157894737,0.131578947368421,0.3503480278422274,0.375886524822695,0.11832946635730858,0.3157894736842105,0.21052631578947367,4.342105263157895,10.973684210526315,2.1052631578947367,0.02631578947368421,11.342105263157896,11.131578947368421,3.973684210526316,4.184210526315789,0.631578947368421,0.3157894736842105,2.0,1.2105263157894737,0.631578947368421,-0.3684210526315789
3,Bournemouth,2022/23,2023/24,38,11,6,21,39,37,71,-34,8,18,19,6,4,9,20,28,19,5,2,12,17,43,355,626,133,206,391,375,144,272,68,51,0,0,1.0263157894736843,0.2894736842105263,0.1578947368421052,0.5526315789473685,0.9736842105263158,1.868421052631579,-0.8947368421052632,0.37464788732394366,0.329073482428115,0.10422535211267606,0.21052631578947367,0.47368421052631576,3.789473684210526,10.289473684210526,1.7894736842105263,0.0,9.342105263157896,16.473684210526315,3.5,5.421052631578948,0.3157894736842105,0.2631578947368421,1.1578947368421053,0.8947368421052632,-0.42105263157894735,-1.368421052631579
4,Brentford,2022/23,2023/24,38,15,14,9,59,58,46,12,12,9,19,10,7,2,35,18,19,5,7,7,23,28,397,561,162,205,354,414,163,214,55,60,1,1,1.5526315789473684,0.3947368421052631,0.3684210526315789,0.2368421052631578,1.5263157894736843,1.2105263157894737,0.3157894736842105,0.4080604534005038,0.36541889483065954,0.14609571788413098,0.3157894736842105,0.23684210526315788,4.2894736842105265,9.31578947368421,1.4473684210526316,0.02631578947368421,10.447368421052632,14.763157894736842,4.2631578947368425,5.394736842105263,0.5263157894736842,0.2631578947368421,1.9473684210526316,1.1578947368421053,0.8947368421052632,-0.2631578947368421
5,Brighton,2022/23,2023/24,38,18,8,12,62,72,53,19,12,5,19,10,4,5,37,21,19,8,4,7,35,32,612,388,231,133,426,426,233,136,59,92,0,1,1.631578947368421,0.4736842105263157,0.2105263157894736,0.3157894736842105,1.894736842105263,1.394736842105263,0.5,0.37745098039215685,0.3427835051546392,0.11764705882352941,0.3157894736842105,0.13157894736842105,6.131578947368421,11.210526315789474,1.5526315789473684,0.0,16.105263157894736,10.210526315789474,6.078947368421052,3.5,0.5263157894736842,0.42105263157894735,1.7894736842105263,1.4736842105263157,0.8421052631578947,0.15789473684210525
8,Chelsea,2022/23,2023/24,38,11,11,16,44,38,47,-9,10,14,19,6,7,6,20,19,19,5,4,10,18,28,484,438,158,168,397,467,209,182,77,66,3,1,1.1578947368421053,0.2894736842105263,0.2894736842105263,0.4210526315789473,1.0,1.236842105263158,-0.2368421052631578,0.32644628099173556,0.3835616438356164,0.07851239669421488,0.2631578947368421,0.3684210526315789,5.5,10.447368421052632,2.026315789473684,0.07894736842105263,12.736842105263158,11.526315789473685,4.157894736842105,4.421052631578948,0.3157894736842105,0.2631578947368421,1.3157894736842106,1.0,0.05263157894736842,-0.5263157894736842
10,Crystal Palace,2022/23,2023/24,38,11,12,15,45,40,49,-9,9,16,19,7,7,5,21,23,19,4,5,10,19,26,425,456,136,162,446,487,186,178,78,81,3,3,1.1842105263157894,0.2894736842105263,0.3157894736842105,0.3947368421052631,1.0526315789473684,1.2894736842105263,-0.2368421052631578,0.32,0.35526315789473684,0.09411764705882353,0.23684210526315788,0.42105263157894735,4.894736842105263,11.736842105263158,2.0526315789473686,0.07894736842105263,11.18421052631579,12.0,3.5789473684210527,4.2631578947368425,0.3684210526315789,0.21052631578947367,1.4736842105263157,0.8947368421052632,-0.10526315789473684,-0.3684210526315789
11,Everton,2022/23,2023/24,38,8,12,18,36,34,57,-23,9,14,19,6,3,10,16,27,19,2,9,8,18,30,429,575,152,193,396,401,175,239,79,76,2,1,0.9473684210526316,0.2105263157894736,0.3157894736842105,0.4736842105263157,0.8947368421052632,1.5,-0.6052631578947368,0.3543123543123543,0.3356521739130435,0.07925407925407925,0.23684210526315788,0.3684210526315789,4.605263157894737,10.421052631578947,2.0789473684210527,0.05263157894736842,11.289473684210526,15.131578947368421,4.0,5.078947368421052,0.3157894736842105,0.10526315789473684,1.105263157894737,0.7894736842105263,-0.5789473684210527,-0.631578947368421
12,Fulham,2022/23,2023/24,38,15,7,16,52,55,53,2,9,9,19,8,5,6,31,29,19,7,2,10,24,24,429,505,149,200,411,419,185,204,80,55,1,5,1.368421052631579,0.3947368421052631,0.1842105263157894,0.4210526315789473,1.4473684210526316,1.394736842105263,0.0526315789473684,0.3473193473193473,0.39603960396039606,0.1282051282051282,0.23684210526315788,0.23684210526315788,4.868421052631579,10.81578947368421,2.1052631578947367,0.02631578947368421,11.289473684210526,13.289473684210526,3.9210526315789473,5.2631578947368425,0.42105263157894735,0.3684210526315789,1.5263157894736843,1.2105263157894737,0.10526315789473684,0.0
16,Leeds,2022/23,2023/24,38,7,10,21,31,48,78,-30,5,10,19,5,7,7,26,37,19,2,3,14,22,41,465,527,145,193,456,421,201,182,84,64,3,2,0.8157894736842105,0.1842105263157894,0.2631578947368421,0.5526315789473685,1.263157894736842,2.0526315789473686,-0.7894736842105263,0.3118279569892473,0.36622390891840606,0.1032258064516129,0.13157894736842105,0.2631578947368421,5.2894736842105265,12.0,2.210526315789474,0.07894736842105263,12.236842105263158,13.868421052631579,3.8157894736842106,5.078947368421052,0.2631578947368421,0.10526315789473684,1.1578947368421053,0.47368421052631576,-0.5789473684210527,-1.0
17,Leicester,2022/23,2023/24,38,9,7,22,34,51,68,-17,7,12,19,5,4,10,23,27,19,4,3,12,28,41,417,572,152,178,411,410,135,236,58,60,2,2,0.8947368421052632,0.2368421052631578,0.1842105263157894,0.5789473684210527,1.3421052631578947,1.7894736842105263,-0.4473684210526316,0.3645083932853717,0.3111888111888112,0.1223021582733813,0.18421052631578946,0.3157894736842105,3.5526315789473686,10.81578947368421,1.5263157894736843,0.05263157894736842,10.973684210526315,15.052631578947368,4.0,4.684210526315789,0.2631578947368421,0.21052631578947367,1.0,0.7894736842105263,-0.21052631578947367,-0.6842105263157895
18,Liverpool,2022/23,2023/24,38,19,10,9,67,75,47,28,14,8,19,13,5,1,46,17,19,6,5,8,29,30,605,369,212,160,405,342,236,136,57,59,1,1,1.763157894736842,0.5,0.2631578947368421,0.2368421052631578,1.973684210526316,1.236842105263158,0.7368421052631579,0.3504132231404959,0.43360433604336046,0.12396694214876033,0.3684210526315789,0.21052631578947367,6.2105263157894735,10.657894736842104,1.5,0.02631578947368421,15.921052631578947,9.710526315789474,5.578947368421052,4.2105263157894735,0.6842105263157895,0.3157894736842105,2.3157894736842106,1.2105263157894737,1.5263157894736843,-0.05263157894736842
20,Man City,2022/23,2023/24,38,28,5,5,89,94,33,61,13,3,19,17,1,1,60,17,19,11,4,4,34,16,603,293,219,96,347,402,240,97,43,78,1,2,2.3421052631578947,0.7368421052631579,0.131578947368421,0.131578947368421,2.473684210526316,0.868421052631579,1.605263157894737,0.36318407960199006,0.32764505119453924,0.1558872305140962,0.34210526315789475,0.07894736842105263,6.315789473684211,9.131578947368421,1.131578947368421,0.02631578947368421,15.868421052631579,7.7105263157894735,5.7631578947368425,2.526315789473684,0.8947368421052632,0.5789473684210527,2.736842105263158,1.9473684210526316,2.263157894736842,0.9473684210526315
21,Man United,2022/23,2023/24,38,23,6,9,75,58,43,15,17,7,19,15,3,1,36,10,19,8,3,8,22,33,592,481,214,145,423,310,195,207,78,50,1,0,1.973684210526316,0.6052631578947368,0.1578947368421052,0.2368421052631578,1.5263157894736843,1.131578947368421,0.3947368421052631,0.3614864864864865,0.30145530145530147,0.09797297297297297,0.4473684210526316,0.18421052631578946,5.131578947368421,11.131578947368421,2.0526315789473686,0.02631578947368421,15.578947368421053,12.657894736842104,5.631578947368421,3.8157894736842106,0.7894736842105263,0.42105263157894735,2.526315789473684,1.4210526315789473,1.368421052631579,-0.5789473684210527
22,Newcastle,2022/23,2023/24,38,19,14,5,71,68,33,35,14,11,19,11,6,2,36,14,19,8,8,3,32,19,571,387,197,132,406,419,270,163,57,79,1,2,1.868421052631579,0.5,0.3684210526315789,0.131578947368421,1.7894736842105263,0.868421052631579,0.9210526315789472,0.3450087565674256,0.34108527131782945,0.1190893169877408,0.3684210526315789,0.2894736842105263,7.105263157894737,10.68421052631579,1.5,0.02631578947368421,15.026315789473685,10.18421052631579,5.184210526315789,3.473684210526316,0.5789473684210527,0.42105263157894735,2.0526315789473686,1.6842105263157894,1.1578947368421053,0.6842105263157895
24,Nott'm Forest,2022/23,2023/24,38,9,11,18,38,38,68,-30,8,12,19,8,6,5,27,24,19,1,5,13,11,44,368,561,118,190,445,414,128,239,84,65,0,0,1.0,0.2368421052631578,0.2894736842105263,0.4736842105263157,1.0,1.7894736842105263,-0.7894736842105263,0.32065217391304346,0.33868092691622104,0.10326086956521739,0.21052631578947367,0.3157894736842105,3.3684210526315788,11.710526315789474,2.210526315789474,0.0,9.68421052631579,14.763157894736842,3.1052631578947367,5.0,0.42105263157894735,0.05263157894736842,1.5789473684210527,0.42105263157894735,0.15789473684210525,-1.736842105263158
26,Southampton,2022/23,2023/24,38,6,7,25,25,36,73,-37,4,15,19,2,5,12,19,37,19,4,2,13,17,36,417,525,142,158,430,399,157,208,73,61,0,1,0.6578947368421053,0.1578947368421052,0.1842105263157894,0.6578947368421053,0.9473684210526316,1.9210526315789476,-0.9736842105263158,0.3405275779376499,0.30095238095238097,0.08633093525179857,0.10526315789473684,0.39473684210526316,4.131578947368421,11.31578947368421,1.9210526315789473,0.0,10.973684210526315,13.81578947368421,3.736842105263158,4.157894736842105,0.10526315789473684,0.21052631578947367,0.5789473684210527,0.7368421052631579,-0.9473684210526315,-1.0
28,Tottenham,2022/23,2023/24,38,18,6,14,60,70,63,7,10,4,19,12,1,6,37,25,19,6,5,8,33,38,520,517,200,175,423,380,203,197,75,77,3,2,1.5789473684210529,0.4736842105263157,0.1578947368421052,0.3684210526315789,1.8421052631578947,1.6578947368421053,0.1842105263157894,0.38461538461538464,0.33849129593810445,0.1346153846153846,0.2631578947368421,0.10526315789473684,5.342105263157895,11.131578947368421,1.9736842105263157,0.07894736842105263,13.68421052631579,13.605263157894736,5.2631578947368425,4.605263157894737,0.631578947368421,0.3157894736842105,1.9473684210526316,1.2105263157894737,0.631578947368421,-0.2631578947368421
31,West Ham,2022/23,2023/24,38,11,7,20,40,42,55,-13,9,13,19,8,4,7,26,24,19,3,3,13,16,31,474,500,145,174,361,327,207,194,44,54,0,0,1.0526315789473684,0.2894736842105263,0.1842105263157894,0.5263157894736842,1.105263157894737,1.4473684210526316,-0.3421052631578947,0.3059071729957806,0.348,0.08860759493670886,0.23684210526315788,0.34210526315789475,5.447368421052632,9.5,1.1578947368421053,0.0,12.473684210526315,13.157894736842104,3.8157894736842106,4.578947368421052,0.42105263157894735,0.15789473684210525,1.4736842105263157,0.631578947368421,0.10526315789473684,-0.7894736842105263
32,Wolves,2022/23,2023/24,38,11,8,19,41,31,58,-27,11,15,19,9,3,7,19,20,19,2,5,12,12,38,413,555,125,182,463,414,186,204,83,75,5,0,1.0789473684210529,0.2894736842105263,0.2105263157894736,0.5,0.8157894736842105,1.5263157894736843,-0.7105263157894737,0.3026634382566586,0.3279279279279279,0.07506053268765134,0.2894736842105263,0.39473684210526316,4.894736842105263,12.18421052631579,2.1842105263157894,0.13157894736842105,10.868421052631579,14.605263157894736,3.289473684210526,4.7894736842105265,0.47368421052631576,0.10526315789473684,1.5789473684210527,0.5789473684210527,-0.05263157894736842,-1.368421052631579
1,Arsenal,2023/24,2024/25,38,28,5,5,89,91,29,62,18,5,19,15,2,2,48,16,19,13,3,3,43,13,657,322,227,87,391,407,256,113,62,77,2,2,2.3421052631578947,0.7368421052631579,0.131578947368421,0.131578947368421,2.3947368421052637,0.7631578947368421,1.631578947368421,0.3455098934550989,0.2701863354037267,0.1385083713850837,0.47368421052631576,0.13157894736842105,6.7368421052631575,10.289473684210526,1.631578947368421,0.05263157894736842,17.289473684210527,8.473684210526315,5.973684210526316,2.289473684210526,0.7894736842105263,0.6842105263157895,2.473684210526316,2.210526315789474,1.6842105263157894,1.5789473684210527
2,Aston Villa,2023/24,2024/25,38,20,8,10,68,76,61,15,8,6,19,12,4,3,48,28,19,8,4,7,28,33,514,454,190,181,413,483,233,161,94,90,2,3,1.7894736842105263,0.5263157894736842,0.2105263157894736,0.2631578947368421,2.0,1.605263157894737,0.3947368421052631,0.36964980544747084,0.3986784140969163,0.14785992217898833,0.21052631578947367,0.15789473684210525,6.131578947368421,10.868421052631579,2.473684210526316,0.05263157894736842,13.526315789473685,11.947368421052632,5.0,4.7631578947368425,0.631578947368421,0.42105263157894735,2.1052631578947367,1.4736842105263157,1.0526315789473684,-0.2631578947368421
3,Bournemouth,2023/24,2024/25,38,13,9,16,48,54,67,-13,9,7,19,7,6,6,27,28,19,6,3,10,27,39,542,532,185,197,506,396,236,214,80,80,3,2,1.263157894736842,0.3421052631578947,0.2368421052631578,0.4210526315789473,1.4210526315789471,1.763157894736842,-0.3421052631578947,0.3413284132841328,0.37030075187969924,0.0996309963099631,0.23684210526315788,0.18421052631578946,6.2105263157894735,13.31578947368421,2.1052631578947367,0.07894736842105263,14.263157894736842,14.0,4.868421052631579,5.184210526315789,0.3684210526315789,0.3157894736842105,1.4210526315789473,1.105263157894737,-0.05263157894736842,-0.631578947368421
4,Brentford,2023/24,2024/25,38,10,9,19,39,56,65,-9,7,8,19,5,7,7,29,34,19,5,2,12,27,31,473,548,172,187,384,434,185,219,88,69,2,4,1.0263157894736843,0.2631578947368421,0.2368421052631578,0.5,1.4736842105263157,1.7105263157894737,-0.2368421052631578,0.36363636363636365,0.34124087591240876,0.11839323467230443,0.18421052631578946,0.21052631578947367,4.868421052631579,10.105263157894736,2.3157894736842106,0.05263157894736842,12.447368421052632,14.421052631578947,4.526315789473684,4.921052631578948,0.2631578947368421,0.2631578947368421,1.1578947368421053,0.8947368421052632,-0.2631578947368421,-0.21052631578947367
5,Brighton,2023/24,2024/25,38,12,12,14,48,55,62,-7,6,10,19,8,6,5,30,27,19,4,6,9,25,35,562,467,208,167,414,461,206,167,89,93,3,5,1.263157894736842,0.3157894736842105,0.3157894736842105,0.3684210526315789,1.4473684210526316,1.631578947368421,-0.1842105263157894,0.3701067615658363,0.3576017130620985,0.09786476868327403,0.15789473684210525,0.2631578947368421,5.421052631578948,10.894736842105264,2.3421052631578947,0.07894736842105263,14.789473684210526,12.289473684210526,5.473684210526316,4.394736842105263,0.42105263157894735,0.21052631578947367,1.5789473684210527,0.9473684210526315,0.15789473684210525,-0.5263157894736842
6,Burnley,2023/24,2024/25,38,5,9,24,24,41,78,-37,2,12,19,2,4,13,19,43,19,3,5,11,22,35,433,614,142,246,427,368,181,233,71,82,7,3,0.631578947368421,0.131578947368421,0.2368421052631578,0.631578947368421,1.0789473684210529,2.0526315789473686,-0.9736842105263158,0.3279445727482679,0.4006514657980456,0.09468822170900693,0.05263157894736842,0.3157894736842105,4.7631578947368425,11.236842105263158,1.868421052631579,0.18421052631578946,11.394736842105264,16.157894736842106,3.736842105263158,6.473684210526316,0.10526315789473684,0.15789473684210525,0.5263157894736842,0.7368421052631579,-1.263157894736842,-0.6842105263157895
8,Chelsea,2023/24,2024/25,38,18,9,11,63,77,63,14,8,6,19,11,4,4,44,26,19,7,5,7,33,37,548,556,215,188,445,464,203,191,104,93,3,4,1.6578947368421053,0.4736842105263157,0.2368421052631578,0.2894736842105263,2.026315789473684,1.6578947368421053,0.3684210526315789,0.39233576642335766,0.3381294964028777,0.14051094890510948,0.21052631578947367,0.15789473684210525,5.342105263157895,11.710526315789474,2.736842105263158,0.07894736842105263,14.421052631578947,14.631578947368421,5.657894736842105,4.947368421052632,0.5789473684210527,0.3684210526315789,1.9473684210526316,1.368421052631579,0.9473684210526315,-0.21052631578947367
10,Crystal Palace,2023/24,2024/25,38,13,10,15,49,57,58,-1,10,7,19,8,4,7,37,26,19,5,6,8,20,32,456,459,169,155,456,440,178,198,69,76,2,2,1.2894736842105263,0.3421052631578947,0.2631578947368421,0.3947368421052631,1.5,1.5263157894736843,-0.0263157894736842,0.3706140350877193,0.33769063180827885,0.125,0.2631578947368421,0.18421052631578946,4.684210526315789,12.0,1.8157894736842106,0.05263157894736842,12.0,12.078947368421053,4.447368421052632,4.078947368421052,0.42105263157894735,0.2631578947368421,1.4736842105263157,1.105263157894737,0.5789473684210527,-0.631578947368421
11,Everton,2023/24,2024/25,38,13,9,16,48,40,51,-11,13,12,19,8,4,7,22,18,19,5,5,9,18,33,507,538,162,171,457,373,185,238,79,61,1,2,1.263157894736842,0.3421052631578947,0.2368421052631578,0.4210526315789473,1.0526315789473684,1.3421052631578947,-0.2894736842105263,0.31952662721893493,0.31784386617100374,0.07889546351084813,0.34210526315789475,0.3157894736842105,4.868421052631579,12.026315789473685,2.0789473684210527,0.02631578947368421,13.342105263157896,14.157894736842104,4.2631578947368425,4.5,0.42105263157894735,0.2631578947368421,1.4736842105263157,1.0526315789473684,0.21052631578947367,-0.7894736842105263
12,Fulham,2023/24,2024/25,38,13,8,17,47,55,61,-6,10,13,19,9,2,8,31,24,19,4,6,9,24,37,500,523,178,196,384,385,212,189,77,64,4,0,1.236842105263158,0.3421052631578947,0.2105263157894736,0.4473684210526316,1.4473684210526316,1.605263157894737,-0.1578947368421052,0.356,0.37476099426386233,0.11,0.2631578947368421,0.34210526315789475,5.578947368421052,10.105263157894736,2.026315789473684,0.10526315789473684,13.157894736842104,13.763157894736842,4.684210526315789,5.157894736842105,0.47368421052631576,0.21052631578947367,1.5263157894736843,0.9473684210526315,0.3684210526315789,-0.6842105263157895
18,Liverpool,2023/24,2024/25,38,24,10,4,82,86,41,45,10,3,19,15,3,1,49,17,19,9,7,3,37,24,790,417,277,149,462,392,287,152,65,91,5,4,2.1578947368421053,0.631578947368421,0.2631578947368421,0.1052631578947368,2.263157894736842,1.0789473684210529,1.1842105263157894,0.35063291139240504,0.35731414868105515,0.10886075949367088,0.2631578947368421,0.07894736842105263,7.552631578947368,12.157894736842104,1.7105263157894737,0.13157894736842105,20.789473684210527,10.973684210526315,7.2894736842105265,3.9210526315789473,0.7894736842105263,0.47368421052631576,2.526315789473684,1.7894736842105263,1.6842105263157894,0.6842105263157895
19,Luton,2023/24,2024/25,38,6,8,24,26,52,85,-33,2,5,19,4,4,11,28,37,19,2,4,13,24,48,431,655,141,232,443,469,204,226,71,70,0,2,0.6842105263157895,0.1578947368421052,0.2105263157894736,0.631578947368421,1.368421052631579,2.236842105263158,-0.868421052631579,0.3271461716937355,0.35419847328244275,0.12064965197215777,0.05263157894736842,0.13157894736842105,5.368421052631579,11.657894736842104,1.868421052631579,0.0,11.342105263157896,17.236842105263158,3.710526315789474,6.105263157894737,0.21052631578947367,0.10526315789473684,0.8421052631578947,0.5263157894736842,-0.47368421052631576,-1.263157894736842
20,Man City,2023/24,2024/25,38,28,7,3,91,96,34,62,13,3,19,14,5,0,51,16,19,14,2,3,45,18,690,294,278,111,287,421,282,133,51,90,2,2,2.3947368421052637,0.7368421052631579,0.1842105263157894,0.0789473684210526,2.526315789473684,0.8947368421052632,1.631578947368421,0.4028985507246377,0.37755102040816324,0.1391304347826087,0.34210526315789475,0.07894736842105263,7.421052631578948,7.552631578947368,1.3421052631578947,0.05263157894736842,18.157894736842106,7.7368421052631575,7.315789473684211,2.9210526315789473,0.7368421052631579,0.7368421052631579,2.473684210526316,2.3157894736842106,1.8421052631578947,1.4210526315789473
21,Man United,2023/24,2024/25,38,18,6,14,60,57,58,-1,9,9,19,10,3,6,31,28,19,8,3,8,26,30,550,667,193,210,398,352,226,279,80,84,1,1,1.5789473684210529,0.4736842105263157,0.1578947368421052,0.3684210526315789,1.5,1.5263157894736843,-0.0263157894736842,0.3509090909090909,0.3148425787106447,0.10363636363636364,0.23684210526315788,0.23684210526315788,5.947368421052632,10.473684210526315,2.1052631578947367,0.02631578947368421,14.473684210526315,17.55263157894737,5.078947368421052,5.526315789473684,0.5263157894736842,0.42105263157894735,1.736842105263158,1.4210526315789473,0.15789473684210525,-0.21052631578947367
22,Newcastle,2023/24,2024/25,38,18,6,14,60,85,62,23,10,5,19,12,4,3,49,22,19,6,2,11,36,40,551,534,213,202,385,482,193,195,76,94,1,3,1.5789473684210529,0.4736842105263157,0.1578947368421052,0.3684210526315789,2.236842105263158,1.631578947368421,0.6052631578947368,0.38656987295825773,0.3782771535580524,0.1542649727767695,0.2631578947368421,0.13157894736842105,5.078947368421052,10.131578947368421,2.0,0.02631578947368421,14.5,14.052631578947368,5.605263157894737,5.315789473684211,0.631578947368421,0.3157894736842105,2.1052631578947367,1.0526315789473684,1.4210526315789473,-0.21052631578947367
24,Nott'm Forest,2023/24,2024/25,38,9,9,20,36,49,67,-18,4,10,19,5,5,9,27,30,19,4,4,11,22,37,451,510,148,171,428,383,148,248,75,75,3,7,0.9473684210526316,0.2368421052631578,0.2368421052631578,0.5263157894736842,1.2894736842105263,1.763157894736842,-0.4736842105263157,0.328159645232816,0.3352941176470588,0.10864745011086474,0.10526315789473684,0.2631578947368421,3.8947368421052633,11.263157894736842,1.9736842105263157,0.07894736842105263,11.868421052631579,13.421052631578947,3.8947368421052633,4.5,0.2631578947368421,0.21052631578947367,1.0526315789473684,0.8421052631578947,-0.15789473684210525,-0.7894736842105263
25,Sheffield United,2023/24,2024/25,38,3,7,28,16,35,104,-69,1,15,19,2,4,13,19,57,19,1,3,15,16,47,368,678,129,269,423,329,142,272,93,51,5,2,0.4210526315789473,0.0789473684210526,0.1842105263157894,0.7368421052631579,0.9210526315789472,2.736842105263158,-1.8157894736842104,0.35054347826086957,0.3967551622418879,0.09510869565217392,0.02631578947368421,0.39473684210526316,3.736842105263158,11.131578947368421,2.4473684210526314,0.13157894736842105,9.68421052631579,17.842105263157894,3.3947368421052633,7.078947368421052,0.10526315789473684,0.05263157894736842,0.5263157894736842,0.3157894736842105,-2.0,-1.631578947368421
28,Tottenham,2023/24,2024/25,38,20,6,12,66,74,61,13,7,4,19,13,0,6,38,27,19,7,6,6,36,34,582,486,214,172,425,530,235,236,88,96,4,4,1.736842105263158,0.5263157894736842,0.1578947368421052,0.3157894736842105,1.947368421052632,1.605263157894737,0.3421052631578947,0.36769759450171824,0.35390946502057613,0.12714776632302405,0.18421052631578946,0.10526315789473684,6.184210526315789,11.18421052631579,2.3157894736842106,0.10526315789473684,15.31578947368421,12.789473684210526,5.631578947368421,4.526315789473684,0.6842105263157895,0.3684210526315789,2.0526315789473686,1.4210526315789473,0.5789473684210527,0.10526315789473684
31,West Ham,2023/24,2024/25,38,14,10,14,52,60,74,-14,5,8,19,7,8,4,31,28,19,7,2,10,29,46,450,652,150,246,390,407,168,229,76,69,3,2,1.368421052631579,0.3684210526315789,0.2631578947368421,0.3684210526315789,1.5789473684210529,1.947368421052632,-0.3684210526315789,0.3333333333333333,0.3773006134969325,0.13333333333333333,0.13157894736842105,0.21052631578947367,4.421052631578948,10.263157894736842,2.0,0.07894736842105263,11.842105263157896,17.157894736842106,3.9473684210526314,6.473684210526316,0.3684210526315789,0.3684210526315789,1.5263157894736843,1.2105263157894737,0.15789473684210525,-0.8947368421052632
32,Wolves,2023/24,2024/25,38,13,7,18,46,50,65,-15,5,9,19,8,3,8,26,30,19,5,4,10,24,35,427,576,159,213,477,419,158,225,98,81,4,3,1.2105263157894737,0.3421052631578947,0.1842105263157894,0.4736842105263157,1.3157894736842106,1.7105263157894737,-0.3947368421052631,0.37236533957845436,0.3697916666666667,0.117096018735363,0.13157894736842105,0.23684210526315788,4.157894736842105,12.552631578947368,2.5789473684210527,0.10526315789473684,11.236842105263158,15.157894736842104,4.184210526315789,5.605263157894737,0.42105263157894735,0.2631578947368421,1.4210526315789473,1.0,-0.21052631578947367,-0.5789473684210527
1,Arsenal,2024/25,2025/26,38,20,14,4,74,69,34,35,13,5,19,11,6,2,35,17,19,9,8,2,34,17,547,362,188,120,400,406,251,118,64,81,6,2,1.947368421052632,0.5263157894736842,0.3684210526315789,0.1052631578947368,1.8157894736842104,0.8947368421052632,0.9210526315789472,0.3436928702010969,0.3314917127071823,0.12614259597806216,0.34210526315789475,0.13157894736842105,6.605263157894737,10.526315789473685,1.6842105263157894,0.15789473684210525,14.394736842105264,9.526315789473685,4.947368421052632,3.1578947368421053,0.5789473684210527,0.47368421052631576,2.0526315789473686,1.8421052631578947,0.9473684210526315,0.8947368421052632
2,Aston Villa,2024/25,2025/26,38,19,9,10,66,58,51,7,9,7,19,11,7,1,34,20,19,8,2,9,24,31,484,463,170,160,406,509,232,172,72,101,4,2,1.736842105263158,0.5,0.2368421052631578,0.2631578947368421,1.5263157894736843,1.3421052631578947,0.1842105263157894,0.3512396694214876,0.34557235421166305,0.11983471074380166,0.23684210526315788,0.18421052631578946,6.105263157894737,10.68421052631579,1.894736842105263,0.10526315789473684,12.736842105263158,12.18421052631579,4.473684210526316,4.2105263157894735,0.5789473684210527,0.42105263157894735,2.1052631578947367,1.368421052631579,0.7368421052631579,-0.3684210526315789
3,Bournemouth,2024/25,2025/26,38,15,11,12,56,58,46,12,9,8,19,8,4,7,23,16,19,7,7,5,35,30,580,487,202,174,514,410,229,184,97,87,3,5,1.4736842105263157,0.3947368421052631,0.2894736842105263,0.3157894736842105,1.5263157894736843,1.2105263157894737,0.3157894736842105,0.3482758620689655,0.35728952772073924,0.1,0.23684210526315788,0.21052631578947367,6.026315789473684,13.526315789473685,2.5526315789473686,0.07894736842105263,15.263157894736842,12.81578947368421,5.315789473684211,4.578947368421052,0.42105263157894735,0.3684210526315789,1.4736842105263157,1.4736842105263157,0.3684210526315789,0.2631578947368421
4,Brentford,2024/25,2025/26,38,16,8,14,56,66,57,9,8,8,19,9,4,6,40,35,19,7,4,8,26,22,441,647,184,209,319,365,175,245,62,78,1,3,1.4736842105263157,0.4210526315789473,0.2105263157894736,0.3684210526315789,1.736842105263158,1.5,0.2368421052631578,0.41723356009070295,0.3230293663060278,0.14965986394557823,0.21052631578947367,0.21052631578947367,4.605263157894737,8.394736842105264,1.631578947368421,0.02631578947368421,11.605263157894736,17.026315789473685,4.842105263157895,5.5,0.47368421052631576,0.3684210526315789,1.631578947368421,1.3157894736842106,0.2631578947368421,0.21052631578947367
5,Brighton,2024/25,2025/26,38,16,13,9,61,66,59,7,8,5,19,8,8,3,30,26,19,8,5,6,36,33,533,427,191,149,438,427,189,184,72,85,3,5,1.605263157894737,0.4210526315789473,0.3421052631578947,0.2368421052631578,1.736842105263158,1.5526315789473684,0.1842105263157894,0.35834896810506567,0.34894613583138173,0.12382739212007504,0.21052631578947367,0.13157894736842105,4.973684210526316,11.526315789473685,1.894736842105263,0.07894736842105263,14.026315789473685,11.236842105263158,5.026315789473684,3.9210526315789473,0.42105263157894735,0.42105263157894735,1.6842105263157894,1.5263157894736843,0.21052631578947367,0.15789473684210525
8,Chelsea,2024/25,2025/26,38,20,9,9,69,64,43,21,11,7,19,12,5,2,35,18,19,8,4,7,29,25,595,398,218,157,436,457,236,141,98,96,2,2,1.8157894736842104,0.5263157894736842,0.2368421052631578,0.2368421052631578,1.6842105263157894,1.131578947368421,0.5526315789473685,0.3663865546218487,0.3944723618090452,0.10756302521008404,0.2894736842105263,0.18421052631578946,6.2105263157894735,11.473684210526315,2.5789473684210527,0.05263157894736842,15.657894736842104,10.473684210526315,5.7368421052631575,4.131578947368421,0.631578947368421,0.42105263157894735,2.1578947368421053,1.4736842105263157,0.8947368421052632,0.21052631578947367
10,Crystal Palace,2024/25,2025/26,38,13,14,11,53,51,51,0,11,8,19,6,7,6,24,26,19,7,7,5,27,25,516,484,186,155,417,418,172,215,75,76,4,4,1.394736842105263,0.3421052631578947,0.3684210526315789,0.2894736842105263,1.3421052631578947,1.3421052631578947,0.0,0.36046511627906974,0.3202479338842975,0.09883720930232558,0.2894736842105263,0.21052631578947367,4.526315789473684,10.973684210526315,1.9736842105263157,0.10526315789473684,13.578947368421053,12.736842105263158,4.894736842105263,4.078947368421052,0.3157894736842105,0.3684210526315789,1.3157894736842106,1.4736842105263157,-0.10526315789473684,0.10526315789473684
11,Everton,2024/25,2025/26,38,11,15,12,48,42,44,-2,12,15,19,5,9,5,26,23,19,6,6,7,16,21,405,480,144,170,430,385,156,230,80,44,2,2,1.263157894736842,0.2894736842105263,0.3947368421052631,0.3157894736842105,1.105263157894737,1.1578947368421053,-0.0526315789473684,0.35555555555555557,0.3541666666666667,0.1037037037037037,0.3157894736842105,0.39473684210526316,4.105263157894737,11.31578947368421,2.1052631578947367,0.05263157894736842,10.657894736842104,12.631578947368421,3.789473684210526,4.473684210526316,0.2631578947368421,0.3157894736842105,1.263157894736842,1.263157894736842,0.15789473684210525,-0.2631578947368421
12,Fulham,2024/25,2025/26,38,15,9,14,54,54,54,0,5,7,19,7,5,7,27,30,19,8,4,7,27,24,521,432,173,162,432,371,205,173,80,65,2,3,1.4210526315789471,0.3947368421052631,0.2368421052631578,0.3684210526315789,1.4210526315789471,1.4210526315789471,0.0,0.33205374280230326,0.375,0.1036468330134357,0.13157894736842105,0.18421052631578946,5.394736842105263,11.368421052631579,2.1052631578947367,0.05263157894736842,13.710526315789474,11.368421052631579,4.552631578947368,4.2631578947368425,0.3684210526315789,0.42105263157894735,1.368421052631579,1.4736842105263157,-0.15789473684210525,0.15789473684210525
15,Ipswich,2024/25,2025/26,38,4,10,24,22,36,82,-46,2,14,19,1,4,14,14,44,19,3,6,10,22,38,376,607,127,216,430,414,145,252,84,63,5,2,0.5789473684210527,0.1052631578947368,0.2631578947368421,0.631578947368421,0.9473684210526316,2.1578947368421053,-1.2105263157894737,0.3377659574468085,0.35584843492586493,0.09574468085106383,0.05263157894736842,0.3684210526315789,3.8157894736842106,11.31578947368421,2.210526315789474,0.13157894736842105,9.894736842105264,15.973684210526315,3.3421052631578947,5.684210526315789,0.05263157894736842,0.15789473684210525,0.3684210526315789,0.7894736842105263,-1.5789473684210527,-0.8421052631578947
17,Leicester,2024/25,2025/26,38,6,7,25,25,33,80,-47,3,17,19,4,3,12,15,34,19,2,4,13,18,46,335,641,111,216,420,403,141,231,87,55,0,2,0.6578947368421053,0.1578947368421052,0.1842105263157894,0.6578947368421053,0.868421052631579,2.1052631578947367,-1.236842105263158,0.33134328358208953,0.3369734789391576,0.09850746268656717,0.07894736842105263,0.4473684210526316,3.710526315789474,11.052631578947368,2.289473684210526,0.0,8.81578947368421,16.86842105263158,2.9210526315789473,5.684210526315789,0.21052631578947367,0.10526315789473684,0.7894736842105263,0.5263157894736842,-1.0,-1.4736842105263157
18,Liverpool,2024/25,2025/26,38,25,9,4,84,86,41,45,14,1,19,14,4,1,42,16,19,11,5,3,44,25,648,387,231,141,430,371,253,141,64,80,3,2,2.210526315789474,0.6578947368421053,0.2368421052631578,0.1052631578947368,2.263157894736842,1.0789473684210529,1.1842105263157894,0.35648148148148145,0.3643410852713178,0.13271604938271606,0.3684210526315789,0.02631578947368421,6.657894736842105,11.31578947368421,1.6842105263157894,0.07894736842105263,17.05263157894737,10.18421052631579,6.078947368421052,3.710526315789474,0.7368421052631579,0.5789473684210527,2.4210526315789473,2.0,1.368421052631579,1.0
20,Man City,2024/25,2025/26,38,21,8,9,71,72,44,28,13,6,19,13,3,3,43,23,19,8,5,6,29,21,607,355,217,132,287,387,253,124,57,86,2,2,1.868421052631579,0.5526315789473685,0.2105263157894736,0.2368421052631578,1.894736842105263,1.1578947368421053,0.7368421052631579,0.357495881383855,0.37183098591549296,0.1186161449752883,0.34210526315789475,0.15789473684210525,6.657894736842105,7.552631578947368,1.5,0.05263157894736842,15.973684210526315,9.342105263157896,5.7105263157894735,3.473684210526316,0.6842105263157895,0.42105263157894735,2.210526315789474,1.5263157894736843,1.0526315789473684,0.42105263157894735
21,Man United,2024/25,2025/26,38,11,9,18,42,44,54,-10,10,15,19,7,3,9,23,28,19,4,6,9,21,26,527,415,174,152,413,385,200,181,83,71,3,3,1.105263157894737,0.2894736842105263,0.2368421052631578,0.4736842105263157,1.1578947368421053,1.4210526315789471,-0.2631578947368421,0.3301707779886148,0.36626506024096384,0.08349146110056926,0.2631578947368421,0.39473684210526316,5.2631578947368425,10.868421052631579,2.1842105263157894,0.07894736842105263,13.868421052631579,10.921052631578947,4.578947368421052,4.0,0.3684210526315789,0.21052631578947367,1.263157894736842,0.9473684210526315,-0.2631578947368421,-0.2631578947368421
22,Newcastle,2024/25,2025/26,38,20,6,12,66,68,47,21,13,7,19,12,2,5,40,20,19,8,4,7,28,27,524,473,174,166,394,463,218,202,68,95,1,3,1.736842105263158,0.5263157894736842,0.1578947368421052,0.3157894736842105,1.7894736842105263,1.236842105263158,0.5526315789473685,0.3320610687022901,0.35095137420718814,0.1297709923664122,0.34210526315789475,0.18421052631578946,5.7368421052631575,10.368421052631579,1.7894736842105263,0.02631578947368421,13.789473684210526,12.447368421052632,4.578947368421052,4.368421052631579,0.631578947368421,0.42105263157894735,2.0,1.4736842105263157,1.0526315789473684,0.05263157894736842
24,Nott'm Forest,2024/25,2025/26,38,19,8,11,65,58,46,12,13,8,19,9,5,5,26,16,19,10,3,6,32,30,463,531,166,176,391,433,160,241,85,100,2,2,1.7105263157894737,0.5,0.2105263157894736,0.2894736842105263,1.5263157894736843,1.2105263157894737,0.3157894736842105,0.35853131749460043,0.3314500941619586,0.12526997840172785,0.34210526315789475,0.21052631578947367,4.2105263157894735,10.289473684210526,2.236842105263158,0.05263157894736842,12.18421052631579,13.973684210526315,4.368421052631579,4.631578947368421,0.47368421052631576,0.5263157894736842,1.6842105263157894,1.736842105263158,0.5263157894736842,0.10526315789473684
26,Southampton,2024/25,2025/26,38,2,6,30,12,26,86,-60,3,16,19,1,3,15,13,47,19,1,3,15,13,39,343,682,111,256,459,435,152,246,89,54,3,1,0.3157894736842105,0.0526315789473684,0.1578947368421052,0.7894736842105263,0.6842105263157895,2.263157894736842,-1.5789473684210529,0.3236151603498542,0.375366568914956,0.07580174927113703,0.07894736842105263,0.42105263157894735,4.0,12.078947368421053,2.3421052631578947,0.07894736842105263,9.026315789473685,17.94736842105263,2.9210526315789473,6.7368421052631575,0.05263157894736842,0.05263157894736842,0.3157894736842105,0.3157894736842105,-1.7894736842105263,-1.368421052631579
28,Tottenham,2024/25,2025/26,38,11,5,22,38,64,65,-1,6,9,19,6,3,10,35,35,19,5,2,12,29,30,497,522,185,186,446,494,243,206,70,84,1,3,1.0,0.2894736842105263,0.131578947368421,0.5789473684210527,1.6842105263157894,1.7105263157894737,-0.0263157894736842,0.3722334004024145,0.3563218390804598,0.12877263581488935,0.15789473684210525,0.23684210526315788,6.394736842105263,11.736842105263158,1.8421052631578947,0.02631578947368421,13.078947368421053,13.736842105263158,4.868421052631579,4.894736842105263,0.3157894736842105,0.2631578947368421,1.105263157894737,0.8947368421052632,0.0,-0.05263157894736842
31,West Ham,2024/25,2025/26,38,11,10,17,43,46,62,-16,7,8,19,5,5,9,23,34,19,6,5,8,23,28,476,583,146,187,443,410,154,209,78,56,3,1,1.131578947368421,0.2894736842105263,0.2631578947368421,0.4473684210526316,1.2105263157894737,1.631578947368421,-0.4210526315789473,0.3067226890756303,0.32075471698113206,0.09663865546218488,0.18421052631578946,0.21052631578947367,4.052631578947368,11.657894736842104,2.0526315789473686,0.07894736842105263,12.526315789473685,15.342105263157896,3.8421052631578947,4.921052631578948,0.2631578947368421,0.3157894736842105,1.0526315789473684,1.2105263157894737,-0.5789473684210527,-0.2631578947368421
32,Wolves,2024/25,2025/26,38,12,6,20,42,54,69,-15,8,7,19,6,3,10,27,32,19,6,3,10,27,37,431,473,160,174,480,442,149,218,74,82,2,3,1.105263157894737,0.3157894736842105,0.1578947368421052,0.5263157894736842,1.4210526315789471,1.8157894736842104,-0.3947368421052631,0.37122969837587005,0.3678646934460888,0.12529002320185614,0.21052631578947367,0.18421052631578946,3.9210526315789473,12.631578947368421,1.9473684210526316,0.05263157894736842,11.342105263157896,12.447368421052632,4.2105263157894735,4.578947368421052,0.3157894736842105,0.3157894736842105,1.105263157894737,1.105263157894737,-0.2631578947368421,-0.5263157894736842
1,Arsenal,2025/26,2026/27,38,26,7,5,85,71,27,44,19,3,19,15,2,2,41,11,19,11,5,3,30,16,552,310,186,90,391,419,216,128,51,70,0,2,2.236842105263158,0.6842105263157895,0.1842105263157894,0.131578947368421,1.868421052631579,0.7105263157894737,1.1578947368421053,0.33695652173913043,0.2903225806451613,0.1286231884057971,0.5,0.07894736842105263,5.684210526315789,10.289473684210526,1.3421052631578947,0.0,14.526315789473685,8.157894736842104,4.894736842105263,2.3684210526315788,0.7894736842105263,0.5789473684210527,2.473684210526316,2.0,1.5789473684210527,0.7368421052631579
2,Aston Villa,2025/26,2026/27,38,19,8,11,65,56,49,7,9,10,19,12,2,5,32,22,19,7,6,6,24,27,483,490,170,168,379,495,199,187,58,90,1,1,1.7105263157894737,0.5,0.2105263157894736,0.2894736842105263,1.4736842105263157,1.2894736842105263,0.1842105263157894,0.35196687370600416,0.34285714285714286,0.11594202898550725,0.23684210526315788,0.2631578947368421,5.2368421052631575,9.973684210526315,1.5263157894736843,0.02631578947368421,12.710526315789474,12.894736842105264,4.473684210526316,4.421052631578948,0.631578947368421,0.3684210526315789,2.0,1.4210526315789473,0.5263157894736842,-0.15789473684210525
3,Bournemouth,2025/26,2026/27,38,13,18,7,57,58,54,4,11,7,19,7,10,2,29,20,19,6,8,5,29,34,525,480,178,162,457,398,212,202,88,70,2,4,1.5,0.3421052631578947,0.4736842105263157,0.1842105263157894,1.5263157894736843,1.4210526315789471,0.1052631578947368,0.33904761904761904,0.3375,0.11047619047619048,0.2894736842105263,0.18421052631578946,5.578947368421052,12.026315789473685,2.3157894736842106,0.05263157894736842,13.81578947368421,12.631578947368421,4.684210526315789,4.2631578947368425,0.3684210526315789,0.3157894736842105,1.631578947368421,1.368421052631579,0.47368421052631576,-0.2631578947368421
4,Brentford,2025/26,2026/27,38,14,11,13,53,55,52,3,10,12,19,8,8,3,33,21,19,6,3,10,22,31,405,504,147,162,390,354,182,204,69,72,0,0,1.394736842105263,0.3684210526315789,0.2894736842105263,0.3421052631578947,1.4473684210526316,1.368421052631579,0.0789473684210526,0.362962962962963,0.32142857142857145,0.13580246913580246,0.2631578947368421,0.3157894736842105,4.7894736842105265,10.263157894736842,1.8157894736842106,0.0,10.657894736842104,13.263157894736842,3.8684210526315788,4.2631578947368425,0.42105263157894735,0.3157894736842105,1.6842105263157894,1.105263157894737,0.631578947368421,-0.47368421052631576
5,Brighton,2025/26,2026/27,38,14,11,13,53,52,46,6,10,9,19,9,6,4,30,20,19,5,5,9,22,26,495,443,176,148,453,383,185,183,86,77,0,1,1.394736842105263,0.3684210526315789,0.2894736842105263,0.3421052631578947,1.368421052631579,1.2105263157894737,0.1578947368421052,0.35555555555555557,0.3340857787810384,0.10505050505050505,0.2631578947368421,0.23684210526315788,4.868421052631579,11.921052631578947,2.263157894736842,0.0,13.026315789473685,11.657894736842104,4.631578947368421,3.8947368421052633,0.47368421052631576,0.2631578947368421,1.736842105263158,1.0526315789473684,0.5263157894736842,-0.21052631578947367
6,Burnley,2025/26,2026/27,38,4,10,24,22,38,75,-37,4,14,19,2,7,10,18,29,19,2,3,14,20,46,355,636,118,216,394,348,138,228,64,45,2,1,0.5789473684210527,0.1052631578947368,0.2631578947368421,0.631578947368421,1.0,1.973684210526316,-0.9736842105263158,0.3323943661971831,0.33962264150943394,0.10704225352112676,0.10526315789473684,0.3684210526315789,3.6315789473684212,10.368421052631579,1.6842105263157894,0.05263157894736842,9.342105263157896,16.736842105263158,3.1052631578947367,5.684210526315789,0.10526315789473684,0.10526315789473684,0.6842105263157895,0.47368421052631576,-0.5789473684210527,-1.368421052631579
8,Chelsea,2025/26,2026/27,38,14,10,14,52,58,52,6,9,7,19,7,5,7,26,25,19,7,5,7,32,27,511,415,164,156,426,464,231,164,89,79,7,3,1.368421052631579,0.3684210526315789,0.2631578947368421,0.3684210526315789,1.5263157894736843,1.368421052631579,0.1578947368421052,0.32093933463796476,0.3759036144578313,0.11350293542074363,0.23684210526315788,0.18421052631578946,6.078947368421052,11.210526315789474,2.3421052631578947,0.18421052631578946,13.447368421052632,10.921052631578947,4.315789473684211,4.105263157894737,0.3684210526315789,0.3684210526315789,1.368421052631579,1.368421052631579,0.05263157894736842,0.2631578947368421
10,Crystal Palace,2025/26,2026/27,38,11,12,15,45,41,51,-10,12,12,19,4,9,6,19,23,19,7,3,9,22,28,442,445,141,162,398,371,160,199,74,64,2,2,1.1842105263157894,0.2894736842105263,0.3157894736842105,0.3947368421052631,1.0789473684210529,1.3421052631578947,-0.2631578947368421,0.3190045248868778,0.36404494382022473,0.09276018099547512,0.3157894736842105,0.3157894736842105,4.2105263157894735,10.473684210526315,1.9473684210526316,0.05263157894736842,11.631578947368421,11.710526315789474,3.710526315789474,4.2631578947368425,0.21052631578947367,0.3684210526315789,1.105263157894737,1.263157894736842,-0.21052631578947367,-0.3157894736842105
11,Everton,2025/26,2026/27,38,13,10,15,49,47,50,-3,11,10,19,6,5,8,26,27,19,7,5,7,21,23,420,533,144,162,405,421,163,194,73,63,5,0,1.2894736842105263,0.3421052631578947,0.2631578947368421,0.3947368421052631,1.236842105263158,1.3157894736842106,-0.0789473684210526,0.34285714285714286,0.30393996247654786,0.11190476190476191,0.2894736842105263,0.2631578947368421,4.2894736842105265,10.657894736842104,1.9210526315789473,0.13157894736842105,11.052631578947368,14.026315789473685,3.789473684210526,4.2631578947368425,0.3157894736842105,0.3684210526315789,1.2105263157894737,1.368421052631579,-0.05263157894736842,-0.10526315789473684
12,Fulham,2025/26,2026/27,38,15,7,16,52,47,51,-4,9,11,19,11,2,6,30,20,19,4,5,10,17,31,481,448,138,149,414,375,188,210,75,63,1,4,1.368421052631579,0.3947368421052631,0.1842105263157894,0.4210526315789473,1.236842105263158,1.3421052631578947,-0.1052631578947368,0.2869022869022869,0.3325892857142857,0.09771309771309772,0.23684210526315788,0.2894736842105263,4.947368421052632,10.894736842105264,1.9736842105263157,0.02631578947368421,12.657894736842104,11.789473684210526,3.6315789473684212,3.9210526315789473,0.5789473684210527,0.21052631578947367,1.8421052631578947,0.8947368421052632,0.5263157894736842,-0.7368421052631579
16,Leeds,2025/26,2026/27,38,11,14,13,47,49,56,-7,8,12,19,9,5,5,29,21,19,2,9,8,20,35,478,476,151,162,398,426,168,193,62,67,1,1,1.236842105263158,0.2894736842105263,0.3684210526315789,0.3421052631578947,1.2894736842105263,1.4736842105263157,-0.1842105263157894,0.3158995815899582,0.3403361344537815,0.10251046025104603,0.21052631578947367,0.3157894736842105,4.421052631578948,10.473684210526315,1.631578947368421,0.02631578947368421,12.578947368421053,12.526315789473685,3.973684210526316,4.2631578947368425,0.47368421052631576,0.10526315789473684,1.6842105263157894,0.7894736842105263,0.42105263157894735,-0.7894736842105263
18,Liverpool,2025/26,2026/27,38,17,9,12,60,63,53,10,10,4,19,10,6,3,34,20,19,7,3,9,29,33,588,435,175,153,383,404,232,167,57,75,1,4,1.5789473684210529,0.4473684210526316,0.2368421052631578,0.3157894736842105,1.6578947368421053,1.394736842105263,0.2631578947368421,0.2976190476190476,0.35172413793103446,0.10714285714285714,0.2631578947368421,0.10526315789473684,6.105263157894737,10.078947368421053,1.5,0.02631578947368421,15.473684210526315,11.447368421052632,4.605263157894737,4.026315789473684,0.5263157894736842,0.3684210526315789,1.894736842105263,1.263157894736842,0.7368421052631579,-0.21052631578947367
20,Man City,2025/26,2026/27,38,23,9,6,78,77,35,42,16,4,19,14,3,2,45,14,19,9,6,4,32,21,595,369,205,127,367,427,247,145,67,78,0,2,2.0526315789473686,0.6052631578947368,0.2368421052631578,0.1578947368421052,2.026315789473684,0.9210526315789472,1.105263157894737,0.3445378151260504,0.34417344173441733,0.12941176470588237,0.42105263157894735,0.10526315789473684,6.5,9.657894736842104,1.763157894736842,0.0,15.657894736842104,9.710526315789474,5.394736842105263,3.3421052631578947,0.7368421052631579,0.47368421052631576,2.3684210526315788,1.736842105263158,1.631578947368421,0.5789473684210527
21,Man United,2025/26,2026/27,38,20,11,7,71,69,50,19,8,4,19,13,3,3,39,24,19,7,8,4,30,26,596,441,216,141,391,414,182,186,62,75,3,5,1.868421052631579,0.5263157894736842,0.2894736842105263,0.1842105263157894,1.8157894736842104,1.3157894736842106,0.5,0.3624161073825503,0.3197278911564626,0.11577181208053691,0.21052631578947367,0.10526315789473684,4.7894736842105265,10.289473684210526,1.631578947368421,0.07894736842105263,15.68421052631579,11.605263157894736,5.684210526315789,3.710526315789474,0.6842105263157895,0.3684210526315789,2.210526315789474,1.5263157894736843,0.7894736842105263,0.21052631578947367
22,Newcastle,2025/26,2026/27,38,14,7,17,49,53,55,-2,8,9,19,10,2,7,36,30,19,4,5,10,17,25,492,470,176,168,386,454,231,187,63,91,2,2,1.2894736842105263,0.3684210526315789,0.1842105263157894,0.4473684210526316,1.394736842105263,1.4473684210526316,-0.0526315789473684,0.35772357723577236,0.3574468085106383,0.10772357723577236,0.21052631578947367,0.23684210526315788,6.078947368421052,10.157894736842104,1.6578947368421053,0.05263157894736842,12.947368421052632,12.368421052631579,4.631578947368421,4.421052631578948,0.5263157894736842,0.21052631578947367,1.6842105263157894,0.8947368421052632,0.3157894736842105,-0.42105263157894735
24,Nott'm Forest,2025/26,2026/27,38,11,11,16,44,48,51,-3,9,14,19,4,8,7,20,23,19,7,3,9,28,28,476,505,156,162,407,436,199,183,60,66,0,1,1.1578947368421053,0.2894736842105263,0.2894736842105263,0.4210526315789473,1.263157894736842,1.3421052631578947,-0.0789473684210526,0.3277310924369748,0.3207920792079208,0.10084033613445378,0.23684210526315788,0.3684210526315789,5.2368421052631575,10.710526315789474,1.5789473684210527,0.0,12.526315789473685,13.289473684210526,4.105263157894737,4.2631578947368425,0.21052631578947367,0.3684210526315789,1.0526315789473684,1.263157894736842,-0.15789473684210525,0.0
27,Sunderland,2025/26,2026/27,38,14,12,12,54,42,48,-6,11,13,19,9,6,4,25,20,19,5,6,8,17,28,395,542,126,167,407,432,141,201,80,71,3,1,1.4210526315789471,0.3684210526315789,0.3157894736842105,0.3157894736842105,1.105263157894737,1.263157894736842,-0.1578947368421052,0.3189873417721519,0.3081180811808118,0.10632911392405063,0.2894736842105263,0.34210526315789475,3.710526315789474,10.710526315789474,2.1052631578947367,0.07894736842105263,10.394736842105264,14.263157894736842,3.3157894736842106,4.394736842105263,0.47368421052631576,0.2631578947368421,1.736842105263158,1.105263157894737,0.2631578947368421,-0.5789473684210527
28,Tottenham,2025/26,2026/27,38,10,11,17,41,48,57,-9,9,7,19,3,6,10,22,31,19,7,5,7,26,26,436,465,150,154,463,386,208,178,101,71,3,2,1.0789473684210529,0.2631578947368421,0.2894736842105263,0.4473684210526316,1.263157894736842,1.5,-0.2368421052631578,0.3440366972477064,0.3311827956989247,0.11009174311926606,0.23684210526315788,0.18421052631578946,5.473684210526316,12.18421052631579,2.6578947368421053,0.07894736842105263,11.473684210526315,12.236842105263158,3.9473684210526314,4.052631578947368,0.15789473684210525,0.3684210526315789,0.7894736842105263,1.368421052631579,-0.47368421052631576,0.0
31,West Ham,2025/26,2026/27,38,10,9,19,39,46,65,-19,7,13,19,6,4,9,27,30,19,4,5,10,19,35,404,564,142,194,421,405,187,232,67,75,3,0,1.0263157894736843,0.2631578947368421,0.2368421052631578,0.5,1.2105263157894737,1.7105263157894737,-0.5,0.35148514851485146,0.34397163120567376,0.11386138613861387,0.18421052631578946,0.34210526315789475,4.921052631578948,11.078947368421053,1.763157894736842,0.07894736842105263,10.631578947368421,14.842105263157896,3.736842105263158,5.105263157894737,0.3157894736842105,0.21052631578947367,1.1578947368421053,0.8947368421052632,-0.15789473684210525,-0.8421052631578947
32,Wolves,2025/26,2026/27,38,3,11,24,20,27,68,-41,4,19,19,3,5,11,19,34,19,0,6,13,8,34,370,528,123,179,494,412,130,228,78,62,3,3,0.5263157894736842,0.0789473684210526,0.2894736842105263,0.631578947368421,0.7105263157894737,1.7894736842105263,-1.0789473684210529,0.3324324324324324,0.3390151515151515,0.07297297297297298,0.10526315789473684,0.5,3.4210526315789473,13.0,2.0526315789473686,0.07894736842105263,9.736842105263158,13.894736842105264,3.236842105263158,4.7105263157894735,0.15789473684210525,0.0,0.7368421052631579,0.3157894736842105,-0.7894736842105263,-1.368421052631579
